<!DOCTYPE mapper
	PUBLIC "-//mybatis.org//DTDMapper3.0//EN" 
  "http://mybatis.org/dtd/mybatis-3-mapper.dtd">

<mapper namespace="bit.yam.service.WaitingMapper">
	
	<insert id="savewait" parameterType="bit.yam.bean.Waiting">
	    INSERT INTO Waiting(adult, child, ownerNo, phone, request, userNo, username,waitingList)
	    VALUES (#{adult}, #{child}, #{ownerNo}, #{phone}, #{request}, #{userNo}, #{username}, #{waitingList})
	</insert>
	
	<select id="countwaiting" resultType="int">
		
		select count(*) from Waiting where ownerNo=#{ownerNo} 
		
	</select>
	
	<select id="waitingList" resultType="bit.yam.bean.Waiting">
	
		select * from Waiting where ownerNo=#{ownerNo}
	
	</select>
		
	<delete id="deletewaiting" parameterType="int">
		delete from Waiting where waitNO=#{waitNO};
	</delete>
	
	<select id="waitingone" parameterType="int" resultType="int">
		select userNo from Waiting where waitNO=#{waitNO} 
	</select>
	
	<update id="Noshow" parameterType="int">
		update Users set violation = violation+1 where userNo=#{userNo}
	</update>
	
		
</mapper>

