[
    {
      "stname": "귀신 불고기",
      "address": "서울특별시 서초구 서초4동 사평대로56길 12",
      "tel": "02-591-3326",
      "style": "한식",
      "main": "불고기"
    },
    {
      "stname": "서초동연가",
      "address": "서울특별시 서초구 서초동 1309",
      "tel": "02-591-0281",
      "style": "한식",
      "main": "우거지국밥"
    },
    {
      "stname": "인근주민 강남본점",
      "address": "서울 서초구 사평대로56길 14 2층",
      "tel": "02-591-2087",
      "style": "한식",
      "main": "파스타"
    },
    {
      "stname": "참이맛감자탕 강남점",
      "address": "서울 서초구 서초동 1302-44",
      "tel": "02-3481-3399",
      "style": "한식",
      "main": "감자탕"
    },
    {
      "stname": "아빠곰탕 강남점",
      "address": "서울 서초구 서초동 1302-2",
      "tel": "02-3482-1224",
      "style": "한식",
      "main": "곰탕"
    },
    {
      "stname": "서가앤쿡(주)나인오키드",
      "address": "서울 서초구 서초동 1307-4",
      "tel": "02-3482-0959",
      "style": "양식",
      "main": "스테이크"
    },
    {
      "stname": "강남교자 본점",
      "address": "서울 서초구 강남대로69길 11 삼미빌딩",
      "tel": "02-536-4133",
      "style": "한식",
      "main": "칼국수"
    },
    {
      "stname": "제주흑다돈 강남직영점",
      "address": "서울 서초구 강남대로65길 10",
      "tel": "02-3482-2090",
      "style": "한식",
      "main": "삼겹살"
    },
    {
      "stname": "에머이 강남대로점",
      "address": "서울 서초구 강남대로65길 12 1층 에머이",
      "tel": "02-534-7174",
      "style": "동남아식",
      "main": "쌀국수"
    },
    {
      "stname": "장꼬방",
      "address": "서울 서초구 강남대로61길 27",
      "tel": "02-597-5511",
      "style": "한식",
      "main": "단팥죽"
    },
    {
      "stname": "주식회사 맛있는이야기 노랑저고리",
      "address": "서울 서초구 서초대로73길 9 타임빌딩 5층",
      "tel": "02-534-5300",
      "style": "한식",
      "main": "노랑정식"
    },
    {
      "stname": "나인로드피제리아 강남점",
      "address": "서울 서초구 서초대로73길 1",
      "tel": "02-535-8128",
      "style": "양식",
      "main": "피자"
    },
    {
      "stname": "㈜이춘복스시강남",
      "address": "서울 서초구 서초동 1317",
      "tel": "02-591-4558",
      "style": "일식",
      "main": "스시"
    },
    {
      "stname": "메콩타이 서초구청점",
      "address": "서초동 1355-17 서초디오빌 1층 106호",
      "tel": "02-586-1411",
      "style": "동남아식",
      "main": "쌀국수"
    },
    {
      "stname": "하루하루 샤브샤브",
      "address": "서초동 1317-20 아라타워 2층",
      "tel": "02-595-4952",
      "style": "한식",
      "main": "샤브샤브"
    },
    {
      "stname": "연타발 강남역점",
      "address": "서초동 1317-20 아라타워 address1",
      "tel": "02-536-9282",
      "style": "한식",
      "main": "등심"
    },
    {
      "stname": "강가",
      "address": "서초동 1320 - 10 삼성전자사옥 지하1층층 ",
      "tel": "02-2055-3610",
      "style": "양식",
      "main": "인도요리"
    },
    {
      "stname": "소만옥",
      "address": "서초동 1320 - 10 지하1층 ",
      "tel": "02-587-9005",
      "style": "한식",
      "main": "갈비탕"
    },
    {
      "stname": "사리원 서초점",
      "address": "서울 서초구 서초동 1321-7",
      "tel": "02-3474-5005",
      "style": "한식",
      "main": "불고기"
    },
    {
      "stname": "강남정",
      "address": "서초동 1327 - 13 address101호",
      "tel": "02-584-8221",
      "style": "한식",
      "main": "한우가마솥국밥"
    },
    {
      "stname": "서동한우 강남점",
      "address": "서울 서초구 서초동 1327-29 2층",
      "tel": "02-3474-9297",
      "style": "한식",
      "main": "한우구이"
    },
    {
      "stname": "모랑해물솥밥 강남본점",
      "address": "서초동 1328 - 11 대우도씨에빛2 212호",
      "tel": "02-521-3980",
      "style": "한식",
      "main": "해물돌솥밥"
    },
    {
      "stname": "해우담 서초점",
      "address": "서초동 1329 - 4 우남빌딩 지하1층",
      "tel": "02-522-4211",
      "style": "한식",
      "main": "해산물한정식"
    },
    {
      "stname": "봉피양 서초점",
      "address": "서울 서초구 서초동 1330 코아텔 1층",
      "tel": "02-587-7018",
      "style": "한식",
      "main": "냉면"
    },
    {
      "stname": "더하누",
      "address": "서울 서초구 서초동 1330-4",
      "tel": "02-584-9392",
      "style": "한식",
      "main": "등심"
    },
    {
      "stname": "됐소 강남점",
      "address": "서울 서초구 서초동 1330-15",
      "tel": "02-586-8588",
      "style": "한식",
      "main": "등심(안심)"
    },
    {
      "stname": "두껍삼 강남직영점",
      "address": "서울 서초구 서초동 1330-16",
      "tel": "02-585-3592",
      "style": "한식",
      "main": "숙성삼겹살"
    },
    {
      "stname": "초선과여포",
      "address": "서초동 1330 - 16 201호 ",
      "tel": "02-525-9890",
      "style": "중식",
      "main": "깐쇼새우"
    },
    {
      "stname": "삼성각",
      "address": "서울 서초구 서초대로78길 42 현대기림오피텔",
      "tel": "02-598-7779",
      "style": "중식",
      "main": "전가복"
    },
    {
      "stname": "조선횟집 서초점",
      "address": "서초동 1331 - 2 2층",
      "tel": "02-587-8855",
      "style": "일식",
      "main": "제철회코스요리"
    },
    {
      "stname": "한라담 강남역점",
      "address": "서울 서초구 서초동 1331-2",
      "tel": "02-587-4433",
      "style": "한식",
      "main": "한우모듬구이"
    },
    {
      "stname": "온끼 미역국정찬",
      "address": "서초동 1337 101호",
      "tel": "02-583-7709",
      "style": "한식",
      "main": "미역국정찬"
    },
    {
      "stname": "진상 서초점",
      "address": "서초동 1337 - 3 강남역 푸르지오시티 지하1층 ",
      "tel": "02-581-0092",
      "style": "한식",
      "main": "샤브샤브"
    },
    {
      "stname": "(주)미가미",
      "address": "서울 서초구 강남대로 331 서초동 광일빌딩",
      "tel": "02-522-6522",
      "style": "일식",
      "main": "한식"
    },
    {
      "stname": "삼호복집",
      "address": "서울 서초구 서초동 1338-10",
      "tel": "02-3474-3533",
      "style": "한식",
      "main": "복지리"
    },
    {
      "stname": "만다린",
      "address": "서울 서초구 강남대로51길 5 기서빌딩",
      "tel": "02-588-2338",
      "style": "중식",
      "main": "해물짬뽕, 찹쌀탕수육"
    },
    {
      "stname": "꼴더덕꼴더덕",
      "address": "서울 서초구 효령로 256",
      "tel": "02-3471-5550",
      "style": "한식",
      "main": "설렁탕"
    },
    {
      "stname": "남강메기 서초직영점",
      "address": "서울 서초구 효령로 428 광림빌딩",
      "tel": "02-598-6800",
      "style": "한식",
      "main": "메기매운탕"
    },
    {
      "stname": "듬북담북(뱅뱅점)",
      "address": "서초동 1340 - 3 (1층) ",
      "tel": "02-525-8689",
      "style": "한식",
      "main": "북어국"
    },
    {
      "stname": "서초버드나무집",
      "address": "서초동 1340 - 5  ",
      "tel": "02-3473-4167",
      "style": "한식",
      "main": "갈비탕"
    },
    {
      "stname": "육갑식당",
      "address": "서초동 1340 - 14",
      "tel": "02-588-8292",
      "style": "한식",
      "main": "육갑꽃살"
    },
    {
      "stname": "한국수",
      "address": "서초동 1341 - 7 1층",
      "tel": "02-568-5972",
      "style": "한식",
      "main": "팔도면요리"
    },
    {
      "stname": "춘향골 추어탕",
      "address": "서울특별시 서초구 서초2동 1342-7",
      "tel": "02-3472-0050",
      "style": "한식",
      "main": "추어탕"
    },
    {
      "stname": "오곡채(시골보쌈&오곡곤드레)",
      "address": "서울 서초구 서초동 1343-7 1층",
      "tel": "02-588-2232",
      "style": "한식",
      "main": "보쌈"
    },
    {
      "stname": "(주)명선헌",
      "address": "서울 서초구 서초동 1344-12 원진빌딩 1층",
      "tel": "02-587-2942",
      "style": "한식",
      "main": "한정식"
    },
    {
      "stname": "동해일식(서초동뱅뱅사거리)",
      "address": "서울특별시 서초구 서초2동 1357-33",
      "tel": "02-3472-5838",
      "style": "일식",
      "main": "일식"
    },
    {
      "stname": "한촌설렁탕",
      "address": "서초동 1359 - 13 (지상1층)",
      "tel": "02-525-0225",
      "style": "한식",
      "main": "설렁탕"
    },
    {
      "stname": "황금빛 마을",
      "address": "서초동 1359 - 22, 1층",
      "tel": "02-521-4040",
      "style": "한식",
      "main": "한식요리"
    },
    {
      "stname": "서초복집",
      "address": "서초동 1363 - 4 양재빌딩 2층 ",
      "tel": "02-581-2362",
      "style": "한식",
      "main": "복지리"
    },
    {
      "stname": "자인뭉티기",
      "address": "서초동 1363 - 7 1층",
      "tel": "02-597-2158",
      "style": "한식",
      "main": "한우등심"
    },
    {
      "stname": "청정횟집",
      "address": "서초동 1363 - 25 address101호",
      "tel": "02-581-5886",
      "style": "일식",
      "main": "활어회"
    },
    {
      "stname": "순남시래기",
      "address": "서초동 1363 - 25 지하1층 103-1호",
      "tel": "02-582-5044",
      "style": "한식",
      "main": "시래기국"
    },
    {
      "stname": "신가예촌",
      "address": "서울 서초구 서운로 12-1",
      "tel": "010-5341-0986",
      "style": "한식",
      "main": "전골,갈비살"
    },
    {
      "stname": "진주청국장",
      "address": "서초동 1365 - 22  ",
      "tel": "02-525-6919",
      "style": "한식",
      "main": "청국장"
    },
    {
      "stname": "수미관",
      "address": "서초동 1427-5 청산빌딩",
      "tel": "02-582-0707",
      "style": "한식",
      "main": "곰탕"
    },
    {
      "stname": "부일갈비",
      "address": "서울 서초구 서초동 1427-6",
      "tel": "02-3482-3112",
      "style": "한식",
      "main": "갈비탕"
    },
    {
      "stname": "장강",
      "address": "서울 서초구 남부순환로339길 33 송하빌딩",
      "tel": "02-598-9662",
      "style": "중식",
      "main": "자장면, 짬뽕 등"
    },
    {
      "stname": "완산골명가 남부터미널점",
      "address": "서초동 1441 - 1 (지상1층) ",
      "tel": "02-525-0049",
      "style": "한식",
      "main": "국밥"
    },
    {
      "stname": "신선설농탕",
      "address": "서초동 1443 - 8 1층 ",
      "tel": "02-3473-1155",
      "style": "한식",
      "main": "설렁탕"
    },
    {
      "stname": "드마리스다이닝",
      "address": "서울 서초구 서초중앙로 18 address1 드마리스다이닝",
      "tel": "02-3474-0041",
      "style": "뷔페식",
      "main": "뷔페"
    },
    {
      "stname": "선궁",
      "address": "서울 서초구 반포대로 22 서초평화빌딩",
      "tel": "02-597-1397",
      "style": "중식",
      "main": "중국요리"
    },
    {
      "stname": "서초갈비",
      "address": "서초동 1451 - 77 2층 ",
      "tel": "02-582-2988",
      "style": "한식",
      "main": "등심"
    },
    {
      "stname": "백년옥신관",
      "address": "서울 서초구 남부순환로323길 1 다모성갤러리",
      "tel": "02-586-8979",
      "style": "한식",
      "main": "한정식"
    },
    {
      "stname": "소들녘 서초점",
      "address": "서울 서초구 서초동 1485-5",
      "tel": "02-583-0505",
      "style": "한식",
      "main": "소불고기"
    },
    {
      "stname": "stylestname Pittstname(다 피타)",
      "address": "서울 서초구 효령로 202 서초빌딩",
      "tel": "02-523-5147",
      "style": "양식",
      "main": "파스타,피자"
    },
    {
      "stname": "영변",
      "address": "서초동 1503-13 영변빌딩",
      "tel": "02-583-1123",
      "style": "일식",
      "main": "회정식"
    },
    {
      "stname": "신박사 콩사랑",
      "address": "서초동 1503 - 15 1층",
      "tel": "02-588-8862",
      "style": "한식",
      "main": "순두부,콩국수"
    },
    {
      "stname": "다피타(stylestname pittstname)",
      "address": "서초동 1503-16",
      "tel": "02-523-5147",
      "style": "양식",
      "main": "파스타,피자"
    },
    {
      "stname": "서초정육식당",
      "address": "서초동 1503 - 19  ",
      "tel": "02-588-0290",
      "style": "한식",
      "main": "등심"
    },
    {
      "stname": "수원본갈비 서초점",
      "address": "서초동 1511 - 12  ",
      "tel": "02-521-1727",
      "style": "한식",
      "main": "감자탕"
    },
    {
      "stname": "디토",
      "address": "서울 서초구 서초동 1516-2",
      "tel": "02-3471-7021",
      "style": "양식",
      "main": "스테이크,파스타"
    },
    {
      "stname": "진도울돌목가는길",
      "address": "서초동 1540 - 1",
      "tel": "02-521-6032",
      "style": "한식",
      "main": "한정식"
    },
    {
      "stname": "미유끼",
      "address": "서울 서초구 반포대로 111 보광빌딩",
      "tel": "02-532-3399",
      "style": "일식",
      "main": "광어회"
    },
    {
      "stname": "조랭이 부대찌개",
      "address": "서초동 1542 - 11  ",
      "tel": "02-583-2776",
      "style": "한식",
      "main": "부대찌개"
    },
    {
      "stname": "미각정육식당",
      "address": "서초동 1543 - 1  ",
      "tel": "02-585-9095",
      "style": "한식",
      "main": "생등심"
    },
    {
      "stname": "포메인서초점",
      "address": "서초동 1543 - 8",
      "tel": "02-521-0722",
      "style": "한식",
      "main": "쌀국수"
    },
    {
      "stname": "부산아지매국밥 서초역점",
      "address": "서초동 1544 - 2, 1층 ",
      "tel": "02-582-9882",
      "style": "한식",
      "main": "전복회정식"
    },
    {
      "stname": "서초 불쭈꾸미",
      "address": "서초동 1552 - 6 지상1층 ",
      "tel": "02-3486-9994",
      "style": "한식",
      "main": "설렁탕"
    },
    {
      "stname": "리향",
      "address": "서초동 1552 - 7",
      "tel": "02-525-3580",
      "style": "중식",
      "main": "중화요리"
    },
    {
      "stname": "가조고향마을",
      "address": "서초동 1552 - 16 1층 ",
      "tel": "02-584-0199",
      "style": "한식",
      "main": "등심"
    },
    {
      "stname": "초원복집",
      "address": "서초동 1552 - 18 1층 ",
      "tel": "02-598-3654",
      "style": "한식",
      "main": "복요리"
    },
    {
      "stname": "향나무집",
      "address": "서초동 1553 - 14 지상1층 ",
      "tel": "02-597-5554",
      "style": "한식",
      "main": "낙지,홍어찜"
    },
    {
      "stname": "서귀포 오분작 뚝배기",
      "address": "서초동 1555 - 2 1,2층 ",
      "tel": "02-523-9898",
      "style": "한식",
      "main": "해물찜, 해물돌솥밥"
    },
    {
      "stname": "서초면옥",
      "address": "서초동 1557 - 7 (지상1층 가호)",
      "tel": "02-522-1422",
      "style": "한식",
      "main": "냉면,갈비찜"
    },
    {
      "stname": "우리바다생태찌개",
      "address": "서초동 1564 - 12 1층 ",
      "tel": "02-582-0128",
      "style": "한식",
      "main": "생태찌개"
    },
    {
      "stname": "하남돼지집 교대점",
      "address": "서초동 1567 - 8 1층 ",
      "tel": "02-3473-9282",
      "style": "한식",
      "main": "고기류"
    },
    {
      "stname": "나나마구로",
      "address": "서초동 1571 - 6 1층, 2층 ",
      "tel": "02-582-5674",
      "style": "일식",
      "main": "참치회"
    },
    {
      "stname": "옛날전통육개장 전문점 육대장 한방보쌈·전골",
      "address": "서초동 1571 - 17 1층",
      "tel": "02-6959-7889",
      "style": "한식",
      "main": "육개장"
    },
    {
      "stname": "원당",
      "address": "서초동 1571 - 26  ",
      "tel": "02-583-3333",
      "style": "한식",
      "main": "감자탕"
    },
    {
      "stname": "서초 장어타운",
      "address": "서초동 1571 - 30 3층,4층 ",
      "tel": "02-521-6934",
      "style": "한식",
      "main": "장어"
    },
    {
      "stname": "모악정",
      "address": "서초동 1572 - 18 지하1층",
      "tel": "02-584-1132",
      "style": "한식",
      "main": "해물삼합"
    },
    {
      "stname": "봉추찜닭",
      "address": "서초동 1574 - 6  101호",
      "tel": "02-584-6981",
      "style": "한식",
      "main": "찜닭"
    },
    {
      "stname": "호화반점",
      "address": "서울 서초구 반포대로22길 100 삼덕빌딩",
      "tel": "02-521-1392",
      "style": "중식",
      "main": "자장면"
    },
    {
      "stname": "한우플러스",
      "address": "서초동 1576 - 9 지산빌딩 2층",
      "tel": "02-522-6457",
      "style": "한식",
      "main": "등심"
    },
    {
      "stname": "크래버 대게나라",
      "address": "서초동 1582 - 16 1층 ",
      "tel": "02-525-9779",
      "style": "한식",
      "main": "대게요리"
    },
    {
      "stname": "앨리스가든 플라워앤티하우스",
      "address": "서초동 1584 - 7 지상1층",
      "tel": "02-583-5658",
      "style": "한식",
      "main": "문어장비빔밥,한정식"
    },
    {
      "stname": "삼대나주곰탕",
      "address": "서초동 1585 - 18 101,102,103,104",
      "tel": "02-583-3433",
      "style": "한식",
      "main": "곰탕"
    },
    {
      "stname": "서초아구찜",
      "address": "서초동 1588 - 8  ",
      "tel": "02-522-3673",
      "style": "한식",
      "main": "아구찜"
    },
    {
      "stname": "국수명가",
      "address": "서초동 1588 - 13  ",
      "tel": "02-3473-0045",
      "style": "한식",
      "main": "국수"
    },
    {
      "stname": "든든한우家",
      "address": "서초동 1591 - 11 2,3층 ",
      "tel": "02-586-4000",
      "style": "한식",
      "main": "등심"
    },
    {
      "stname": "함평한우 정육식당",
      "address": "서초동 1595 - 6  ",
      "tel": "02-582-2828",
      "style": "한식",
      "main": "등심"
    },
    {
      "stname": "늘푸름홍천한우",
      "address": "서초동 1595 - 8 2층일부,3층일부 ",
      "tel": "02-586-0513",
      "style": "한식",
      "main": "등심"
    },
    {
      "stname": "동수원갈비",
      "address": "서초동 1601 - 1 샤르망 지하1층 address01호~address04호, address05호일부 ",
      "tel": "02-588-7060",
      "style": "한식",
      "main": "왕갈비"
    },
    {
      "stname": "우작설렁탕",
      "address": "서초동 1621 - 5  ",
      "tel": "02-584-8544",
      "style": "한식",
      "main": "설렁탕"
    },
    {
      "stname": "애향",
      "address": "서초동 1676 - 4  1층",
      "tel": "02-583-8182",
      "style": "일식",
      "main": "남도계절음식"
    },
    {
      "stname": "주식회사 서석대",
      "address": "서초동 1678 - 1 서초동동아빌라트 1타운 1층 101호일부 ",
      "tel": "02-584-0990",
      "style": "한식",
      "main": "한식"
    },
    {
      "stname": "용수산 아크로비스타점",
      "address": "서초동 1685 - 3 아크로비스타 지하1층 에이-112호",
      "tel": "02-591-9674",
      "style": "한식",
      "main": "한정식"
    },
    {
      "stname": "늘봄웰봄",
      "address": "서초동 1685 - 3 아크로비스타지하1층지하stname-105,stname-106,stname-107호 ",
      "tel": "02-599-8804",
      "style": "한식",
      "main": "등심"
    },
    {
      "stname": "미타니야 교대역점",
      "address": "서초동 1685 - 8, G5센트럴프라자 1층 128~130호",
      "tel": "02-535-6001",
      "style": "일식",
      "main": "우동,돈까스"
    },
    {
      "stname": "서초보쌈",
      "address": "서초동 1689 - 6  ",
      "tel": "02-537-6201",
      "style": "한식",
      "main": "보쌈"
    },
    {
      "stname": "태평양일식별관",
      "address": "서초동 1691 - 1 지하1층, 지상2층 ",
      "tel": "02-599-8564",
      "style": "일식",
      "main": "모듬회"
    },
    {
      "stname": "교대강릉집",
      "address": "서울 서초구 서초대로 305 재영빌딩",
      "tel": "02-532-8001",
      "style": "한식",
      "main": "회무침"
    },
    {
      "stname": "신태평양",
      "address": "서초동 1692 - 4 지하1층 가호",
      "tel": "02-534-0354",
      "style": "일식",
      "main": "모듬회"
    },
    {
      "stname": "설국",
      "address": "서초동 1694 - 22 (1층) ",
      "tel": "02-3476-8007",
      "style": "일식",
      "main": "회정식"
    },
    {
      "stname": "엉터리생고기 교대역점",
      "address": "서초동 1696 - 13 애니빌딩1층 ",
      "tel": "02-596-8009",
      "style": "한식",
      "main": "삼겹살"
    },
    {
      "stname": "빛고을으뜸추어탕",
      "address": "서초동 1697 - 15, 1층",
      "tel": "02-537-0156",
      "style": "한식",
      "main": "추어탕"
    },
    {
      "stname": "만경생태",
      "address": "서초동 1697 - 16 1층",
      "tel": "02-3482-3661",
      "style": "한식",
      "main": "동태탕"
    },
    {
      "stname": "송학횟집",
      "address": "서초동 1699 - 2",
      "tel": "02-595-8822",
      "style": "일식",
      "main": "회"
    },
    {
      "stname": "기와집순두부",
      "address": "서초동 1699 - 13  ",
      "tel": "02-599-0579",
      "style": "한식",
      "main": "순두부"
    },
    {
      "stname": "한우명가 노고단",
      "address": "서초동 1704 - 1 정곡빌딩 동관 지하15호 ",
      "tel": "02-973-9792",
      "style": "한식",
      "main": "불고기"
    },
    {
      "stname": "황궁",
      "address": "서초동 1705 정곡빌딩서관 지하1층 ",
      "tel": "02-599-8078",
      "style": "중식",
      "main": "중국요리"
    },
    {
      "stname": "남도미락",
      "address": "서초동 1706 - 12 승소빌딩 지하1층 ",
      "tel": "02-593-1100",
      "style": "한식",
      "main": "청국장"
    },
    {
      "stname": "대나무골한정식",
      "address": "서초동 1709 - 4  ",
      "tel": "02-533-8410",
      "style": "한식",
      "main": "한정식"
    },
    {
      "stname": "램하우스 서초법원점",
      "address": "서초동 1713 - 4 ,5,6 (202호) ",
      "tel": "02-3476-0678",
      "style": "한식",
      "main": "양갈비"
    },
    {
      "stname": "우밀면옥 교대점",
      "address": "서초동 1713 - 4",
      "tel": "02-596-3770",
      "style": "한식",
      "main": "평양냉면"
    },
    {
      "stname": "장원전주한정식",
      "address": "서초동 1714 - 16  ",
      "tel": "02-593-8449",
      "style": "한식",
      "main": "한정식"
    },
    {
      "stname": "이남장(서초점)",
      "address": "서초동 1715 - 1 지상1,2,3층 ",
      "tel": "02-592-0268",
      "style": "한식",
      "main": "설렁탕"
    },
    {
      "stname": "서초원",
      "address": "서초동 1715-10 남촌빌딩 address1",
      "tel": "02-596-0928",
      "style": "한식",
      "main": "한정식"
    },
    {
      "stname": "전주가",
      "address": "서초동 1717-4",
      "tel": "02-3477-1389",
      "style": "한식",
      "main": "한정식"
    },
    {
      "stname": "북해도",
      "address": "서초동 1717-12 대신빌딩",
      "tel": "02-532-0933",
      "style": "일식",
      "main": "회정식"
    },
    {
      "stname": "오발탄",
      "address": "서초동 1720 - 1 1,2,3층 ",
      "tel": "02-591-6657",
      "style": "한식",
      "main": "양대창구이"
    },
    {
      "stname": "오선채",
      "address": "서울 서초구 양재동 1-23",
      "tel": "02-578-9411",
      "style": "한식",
      "main": "한정식"
    },
    {
      "stname": "일품헌",
      "address": "양재동 1 - 28, 성원빌딩 가동 1층,2층",
      "tel": "02-574-7117",
      "style": "한식",
      "main": "샤브샤브"
    },
    {
      "stname": "별난횟집양재점",
      "address": "양재동 5 - 25, 1층,2층",
      "tel": "02-571-2224",
      "style": "일식",
      "main": "활어"
    },
    {
      "stname": "갈비사랑",
      "address": "양재동 14 - 3 지층,지상2,3,4,5층 ",
      "tel": "02-3463-6800",
      "style": "한식",
      "main": "돼지갈비"
    },
    {
      "stname": "백마 김씨네",
      "address": "양재동 14 - 14 2층",
      "tel": "02-3463-9255",
      "style": "한식",
      "main": "소고기 국밥"
    },
    {
      "stname": "청정해참치",
      "address": "양재동 23 환승주차장 201호",
      "tel": "02-577-4419",
      "style": "일식",
      "main": "참치회"
    },
    {
      "stname": "동신참치양재직영점",
      "address": "양재동 24 (지하 1층)",
      "tel": "02-529-7130",
      "style": "일식",
      "main": "참치회"
    },
    {
      "stname": "디오디아",
      "address": "양재동 24 스포타임 5층",
      "tel": "02-526-8700",
      "style": "뷔페식",
      "main": "뷔페"
    },
    {
      "stname": "구이마마",
      "address": "양재동 114 1층 ",
      "tel": "02-575-7449",
      "style": "한식",
      "main": "생삼겹"
    },
    {
      "stname": "Thmain Pstnamerk(뷔페식당)",
      "address": "양재동 202 서울교육문화회관",
      "tel": "02-526-9562",
      "style": "뷔페식",
      "main": "뷔페"
    },
    {
      "stname": "화돌지리산농장",
      "address": "양재동 204 1층 ",
      "tel": "02-575-1858",
      "style": "한식",
      "main": "오리로스"
    },
    {
      "stname": "배나무골오리집 양재본점",
      "address": "양재동 241 - 3  ",
      "tel": "02-571-5252",
      "style": "한식",
      "main": "오리"
    },
    {
      "stname": "어진",
      "address": "양재동 242 -4",
      "tel": "02-2058-2933",
      "style": "한식",
      "main": "해물탕"
    },
    {
      "stname": "행복밥상",
      "address": "양재동 267 - 2 지하1층",
      "tel": "02-536-8825",
      "style": "한식",
      "main": "비빔밥"
    },
    {
      "stname": "평가옥",
      "address": "양재동 277 - 2 1층,2층 ",
      "tel": "02-3462-1577",
      "style": "한식",
      "main": "평양냉면"
    },
    {
      "stname": "THmain초원정육식당",
      "address": "양재동 288 - 1 1,2층",
      "tel": "02-573-5598",
      "style": "한식",
      "main": "등심"
    },
    {
      "stname": "해늘찹쌀순대",
      "address": "서울특별시 서초구 양재동 289-8",
      "tel": "02-573-8292",
      "style": "한식",
      "main": "찹쌀순대"
    },
    {
      "stname": "한촌설렁탕 양재점",
      "address": "양재동 289 - 9  ",
      "tel": "02-574-6767",
      "style": "한식",
      "main": "설렁탕"
    },
    {
      "stname": "사랑채 양재본점",
      "address": "양재동 320 - 4",
      "tel": "02-572-0352",
      "style": "한식",
      "main": "한정식"
    },
    {
      "stname": "약초마을",
      "address": "서울특별시 서초구 양재동 353-5",
      "tel": "02-577-5551",
      "style": "한식",
      "main": "삼계탕"
    },
    {
      "stname": "소호정",
      "address": "양재동 392 - 11 (1, 2층)",
      "tel": "02-579-7282",
      "style": "한식",
      "main": "국수"
    },
    {
      "stname": "황태마을",
      "address": "우면동 13-9",
      "tel": "02-573-8926",
      "style": "한식",
      "main": "황태구이"
    },
    {
      "stname": "정여사 손칼국수",
      "address": "우면동 64 - 2  201호",
      "tel": "02-544-2000",
      "style": "한식",
      "main": "칼국수"
    },
    {
      "stname": "여의도생고기",
      "address": "내곡동 1 - 273 (지상1층)",
      "tel": "02-6339-7299",
      "style": "한식",
      "main": "생고기"
    },
    {
      "stname": "카페피노",
      "address": "서울 서초구 내곡동 1-2299",
      "tel": "02-445-0417",
      "style": "한식",
      "main": "연잎밥"
    },
    {
      "stname": "맷돌로만청계산점",
      "address": "서울 서초구 신원동 192-12",
      "tel": "02-574-9691",
      "style": "한식",
      "main": "순두부찌개"
    },
    {
      "stname": "청계산곤드레집 본관",
      "address": "신원동 195 - 16 1층, 2층",
      "tel": "02-574-4542",
      "style": "한식",
      "main": "곤드레나물밥"
    },
    {
      "stname": "영주축협 한우프라자 청계산역점",
      "address": "신원동 270-10",
      "tel": "02-579-9292",
      "style": "한식",
      "main": "한우생등심"
    },
    {
      "stname": "서울만남의광장휴게소 한식당",
      "address": "원지동 10 - 16 서울만남의광장휴게소 한식당 ",
      "tel": "02-578-3372",
      "style": "한식",
      "main": "국밥, 찌개"
    },
    {
      "stname": "웰빙마을 청계산점",
      "address": "원지동 375 1층",
      "tel": "02-573-0143",
      "style": "한식",
      "main": "삼겹살"
    },
    {
      "stname": "청계산 명가",
      "address": "원지동 377 - 4 (1층)",
      "tel": "02-571-1474",
      "style": "한식",
      "main": "국수"
    },
    {
      "stname": "조선면옥",
      "address": "원지동 379 - 4 2층",
      "tel": "02-2057-5526",
      "style": "한식",
      "main": "냉면"
    },
    {
      "stname": "유라한정식",
      "address": "원지동 412 - 2 1층",
      "tel": "02-574-2101",
      "style": "한식",
      "main": "굴비정식"
    },
    {
      "stname": "들밥나들이",
      "address": "원지동 414 - 10 (1층)",
      "tel": "02-574-9949",
      "style": "한식",
      "main": "한정식"
    },
    {
      "stname": "동지섣달 꽃본듯이",
      "address": "서울 서초구 원지동 419",
      "tel": "02-571-9334",
      "style": "한식",
      "main": "돌솥밥"
    },
    {
      "stname": "소담채",
      "address": "원지동 419 - 1 지하1층, 1층, 2층",
      "tel": "02-3462-8592",
      "style": "한식",
      "main": "쌈밥"
    },
    {
      "stname": "삼소락",
      "address": "방배동 444 - 2 1층",
      "tel": "02-585-9288",
      "style": "한식",
      "main": "제주삼겹살"
    },
    {
      "stname": "바르미샤브샤브앤칼국수",
      "address": "방배동 444 - 3 2층 202-2호",
      "tel": "02-597-1155",
      "style": "뷔페식",
      "main": "샤브샤브"
    },
    {
      "stname": "도쿄하나 사당점",
      "address": "방배동 444 - 3, 3층",
      "tel": "02-585-2020",
      "style": "일식",
      "main": "생선회"
    },
    {
      "stname": "연안식당 사당점",
      "address": "방배동 445 - 1 2층",
      "tel": "02-588-6092",
      "style": "한식",
      "main": "꼬막비빔밥"
    },
    {
      "stname": "둥구나무 사당점",
      "address": "방배동 445 - 4 8층 ",
      "tel": "02-525-0980",
      "style": "한식",
      "main": "한정식"
    },
    {
      "stname": "사조참치(사당역점)",
      "address": "방배동 446 - 2 지하1층 ",
      "tel": "02-523-6784",
      "style": "일식",
      "main": "참치회"
    },
    {
      "stname": "돌배기집 사당역지점",
      "address": "방배동 446 - 2 1층",
      "tel": "02-3482-3788",
      "style": "한식",
      "main": "차돌박이"
    },
    {
      "stname": "장원족발보쌈",
      "address": "서울특별시 서초구 방배2동 남부순환로 2121-3",
      "tel": "02-586-9696",
      "style": "한식",
      "main": "족발,보쌈"
    },
    {
      "stname": "참조은정육식당",
      "address": "서울 서초구 방배동 448-21 대진빌딩",
      "tel": "02-521-2727",
      "style": "한식",
      "main": "생고기"
    },
    {
      "stname": "바른식시골보쌈&감자옹심이 시골보쌈&감자옹심이 사당본점",
      "address": "방배동 449 - 5 (1층) ",
      "tel": "02-3473-7358",
      "style": "한식",
      "main": "보쌈"
    },
    {
      "stname": "통영해물보쌈",
      "address": "방배동 449 - 8 지하1층, 1층",
      "tel": "02-585-4378",
      "style": "한식",
      "main": "해물보쌈"
    },
    {
      "stname": "포항죽도 어시장",
      "address": "방배동 450 - 5 1층,2층 ",
      "tel": "02-586-5246",
      "style": "한식",
      "main": "생선회, 메운탕"
    },
    {
      "stname": "바다소식",
      "address": "방배동 450 - 8 지층 ",
      "tel": "02-522-0730",
      "style": "한식",
      "main": "족발"
    },
    {
      "stname": "왕배화로",
      "address": "방배동 450 - 10",
      "tel": "02-588-8736",
      "style": "한식",
      "main": "등심"
    },
    {
      "stname": "삼육가 사당역1호점",
      "address": "서울 서초구 방배동 450-16",
      "tel": "02-582-0102",
      "style": "한식",
      "main": "묵은지갈비찜,보쌈"
    },
    {
      "stname": "여진족",
      "address": "방배동 451 - 5, 1층, 지하1층",
      "tel": "02-3473-3479",
      "style": "한식",
      "main": "족발"
    },
    {
      "stname": "신의주찹쌀순대&숯불갈비",
      "address": "방배동 453 - 23, 1층",
      "tel": "02-525-0041",
      "style": "한식",
      "main": "순대국,돼지갈비"
    },
    {
      "stname": "한촌설렁탕 사당역점",
      "address": "방배동 453 - 24 1층",
      "tel": "02-522-1011",
      "style": "한식",
      "main": "설렁탕"
    },
    {
      "stname": "물조은선주회집",
      "address": "방배동 453 - 29 (1,2층) ",
      "tel": "02-521-7620",
      "style": "일식",
      "main": "생선회"
    },
    {
      "stname": "육감방배본점",
      "address": "방배동 475 - 29 지상1층,2층 ",
      "tel": "02-584-8008",
      "style": "한식",
      "main": "생고기"
    },
    {
      "stname": "하우스(HOUSmain)",
      "address": "방배동 477 - 10 (1층)",
      "tel": "02-525-9296",
      "style": "양식",
      "main": "스테이크"
    },
    {
      "stname": "우면산계돈불백",
      "address": "방배동 478 - 5 1층 ",
      "tel": "02-586-8883",
      "style": "한식",
      "main": "삼겹살"
    },
    {
      "stname": "파크루안 (방배점)",
      "address": "방배동 751 - 1 지하1층 ",
      "tel": "02-536-0009",
      "style": "중식",
      "main": "중식"
    },
    {
      "stname": "남강메기 반포방배점",
      "address": "방배동 751 - 3 1층",
      "tel": "02-532-7764",
      "style": "한식",
      "main": "메기 매운탕"
    },
    {
      "stname": "댓짱돈까스",
      "address": "방배동 755 - 14 1층, 101호,102호,106호",
      "tel": "02-534-7009",
      "style": "양식",
      "main": "돈까스"
    },
    {
      "stname": "고기카페",
      "address": "방배동 760 - 2 후생시설 2동 1층 318호",
      "tel": "02-591-5575",
      "style": "한식",
      "main": "갈비살,살치살"
    },
    {
      "stname": "김대감봉평메밀촌",
      "address": "방배동 761 - 2 2층",
      "tel": "02-3477-0270",
      "style": "한식",
      "main": "막국수"
    },
    {
      "stname": "임금님밥상",
      "address": "방배동 762 - 16, stname동 1층",
      "tel": "02-535-5338",
      "style": "한식",
      "main": "매운탕"
    },
    {
      "stname": "방배동숯불갈비",
      "address": "방배동 763 - 32 101호",
      "tel": "02-3482-1527",
      "style": "한식",
      "main": "돼지갈비"
    },
    {
      "stname": "조가네 갑오징어 방배카페거리점",
      "address": "방배동 768 - 13  ",
      "tel": "02-536-4842",
      "style": "한식",
      "main": "갑오징어볶음"
    },
    {
      "stname": "육갑식당 본점",
      "address": "방배동 777 - 5, 지하1층 지상1층",
      "tel": "02-596-9292",
      "style": "한식",
      "main": "등심"
    },
    {
      "stname": "미방 방배점",
      "address": "방배동 777 - 20",
      "tel": "02-533-3660",
      "style": "한식",
      "main": "숯불구이"
    },
    {
      "stname": "장수원",
      "address": "방배동 778 - 27, 지하1층,1층,2층",
      "tel": "02-532-2225",
      "style": "한식",
      "main": "불고기"
    },
    {
      "stname": "일일향 방배점",
      "address": "방배동 795 - 24  지층, 1층",
      "tel": "02-534-8385",
      "style": "중식",
      "main": "삼선짬뽕"
    },
    {
      "stname": "델리쎄 106",
      "address": "방배동 807-9 원방빌딩 1층",
      "tel": "02-534-3142",
      "style": "양식",
      "main": "파스타"
    },
    {
      "stname": "유다까방배점",
      "address": "방배동 813 - 6 1층 ",
      "tel": "02-537-7714",
      "style": "일식",
      "main": "초밥"
    },
    {
      "stname": "소소정",
      "address": "방배동 813 - 8 1층 ",
      "tel": "02-536-8666",
      "style": "한식",
      "main": "콩나물국밥"
    },
    {
      "stname": "참숯애 서래갈비",
      "address": "방배동 818 - 13  ",
      "tel": "02-537-0086",
      "style": "한식",
      "main": "갈비"
    },
    {
      "stname": "소율칼국수",
      "address": "방배동 836 - 1 1층 상가8호",
      "tel": "02-595-6699",
      "style": "한식",
      "main": "바지락칼국수"
    },
    {
      "stname": "은선 설렁탕",
      "address": "방배동 836 - 12, 1층",
      "tel": "02-535-8583",
      "style": "한식",
      "main": "설렁탕"
    },
    {
      "stname": "서래면옥",
      "address": "방배동 837 - 14  ",
      "tel": "02-599-0366",
      "style": "한식",
      "main": "바지락칼국수"
    },
    {
      "stname": "묘오또",
      "address": "방배동 850 - 1 1층 ",
      "tel": "02-536-5980",
      "style": "한식",
      "main": "돈가스, 우동"
    },
    {
      "stname": "제주어항 1950",
      "address": "방배동 851 - 2 지상 1층 ",
      "tel": "02-3482-8400",
      "style": "한식",
      "main": "순대국"
    },
    {
      "stname": "송이하랑",
      "address": "방배동 866 - 6 지상1층,2층 ",
      "tel": "02-599-4499",
      "style": "한식",
      "main": "삼겹살"
    },
    {
      "stname": "방배명가",
      "address": "방배동 873 - 20 1층",
      "tel": "02-569-2885",
      "style": "한식",
      "main": "해장국"
    },
    {
      "stname": "서리풀화로",
      "address": "방배동 874-8",
      "tel": "02-595-1511",
      "style": "한식",
      "main": "설렁탕"
    },
    {
      "stname": "만다린",
      "address": "방배동 875 - 15 1층 ",
      "tel": "02-596-6767",
      "style": "한식",
      "main": "짬뽕"
    },
    {
      "stname": "양모리",
      "address": "방배동 851 - 6 107호",
      "tel": "02-532-8125",
      "style": "한식",
      "main": "양깃머리,양,대창"
    },
    {
      "stname": "서리풀 명가",
      "address": "방배동 876 - 9",
      "tel": "02-535-3692",
      "style": "한식",
      "main": "곰탕,설렁탕"
    },
    {
      "stname": "마초셰프",
      "address": "방배동 876 - 19 1층",
      "tel": "02-6465-4242",
      "style": "양식",
      "main": "파스타"
    },
    {
      "stname": "명동보리밥 방배점",
      "address": "방배동 898 - 3 지상2층 201호 ",
      "tel": "02-3471-3392",
      "style": "한식",
      "main": "보리밥정식"
    },
    {
      "stname": "두레상",
      "address": "방배동 908 - 13 지하 1층",
      "tel": "02-588-5895",
      "style": "한식",
      "main": "칼국수"
    },
    {
      "stname": "telstnameSstname addressRstnameSIL GRILL(까사 브라질 그릴)",
      "address": "방배동 909 - 4 5층",
      "tel": "02-598-5066",
      "style": "양식",
      "main": "슈하스코 코스(브라질정통바베큐)"
    },
    {
      "stname": "엉터리생고기 무한삼겹 방배역점",
      "address": "방배동 909 - 11 2층",
      "tel": "02-588-7113",
      "style": "한식",
      "main": "삼겹살"
    },
    {
      "stname": "지현",
      "address": "방배동 910 - 4 (지상1층) ",
      "tel": "02-3473-6292",
      "style": "한식",
      "main": "샤브샤브"
    },
    {
      "stname": "더구어",
      "address": "방배동 924 - 5 (지상1층) ",
      "tel": "02-3474-9293",
      "style": "한식",
      "main": "삼겹살"
    },
    {
      "stname": "방배순대국",
      "address": "방배동 924 - 9 1층",
      "tel": "02-598-9597",
      "style": "한식",
      "main": "순대국"
    },
    {
      "stname": "순남시래기",
      "address": "방배동 925 - 6 1층",
      "tel": "02-582-2326",
      "style": "한식",
      "main": "시래기국"
    },
    {
      "stname": "정담남원추어탕",
      "address": "방배동 926 - 27 1층",
      "tel": "02-583-7588",
      "style": "한식",
      "main": "추어탕"
    },
    {
      "stname": "미나토",
      "address": "방배동 935 - 2 1층",
      "tel": "02-525-5841",
      "style": "일식",
      "main": "숙성 생선회"
    },
    {
      "stname": "풍천장어마을",
      "address": "방배동 951 - 18  ",
      "tel": "02-521-1256",
      "style": "한식",
      "main": "장어탕"
    },
    {
      "stname": "순두부와청국장 방배역점",
      "address": "방배동 983 - 8 1층 ",
      "tel": "02-3471-3355",
      "style": "한식",
      "main": "청국장"
    },
    {
      "stname": "mainLaddressstname KITtelHmainN(엘바 키친)",
      "address": "방배동 985 - 2 1층 ",
      "tel": "02-585-9559",
      "style": "양식",
      "main": "스테이크, 파스타"
    },
    {
      "stname": "민어사랑",
      "address": "방배동 1001 - 9 1층 ",
      "tel": "02-588-2714",
      "style": "한식",
      "main": "민어탕"
    },
    {
      "stname": "송강민물장어 방배동점",
      "address": "방배동 1002 - 1 1층 ",
      "tel": "02-598-9288",
      "style": "한식",
      "main": "복어, 장어요리"
    },
    {
      "stname": "만다린",
      "address": "방배동 1020 - 2 대영빌딩1층 101호 ",
      "tel": "02-581-3366",
      "style": "중식",
      "main": "중국요리"
    },
    {
      "stname": "방배골복아구찜",
      "address": "방배동 1022 - 2 (지상2층) ",
      "tel": "02-588-5197",
      "style": "한식",
      "main": "한식"
    },
    {
      "stname": "임광루",
      "address": "서울특별시 서초구 방배동 1015-1",
      "tel": "02-583-2466",
      "style": "중식",
      "main": "짜장면"
    },
    {
      "stname": "댓짱 돈까스",
      "address": "방배동 1031 - 1  ",
      "tel": "02-584-7348",
      "style": "양식",
      "main": "돈까스"
    },
    {
      "stname": "방배본가면옥",
      "address": "방배동 1031 - 2 방배홈스텔 1층 102호",
      "tel": "02-587-5799",
      "style": "한식",
      "main": "냉면"
    },
    {
      "stname": "방배골",
      "address": "서울특별시 서초구 방배동 925-18",
      "tel": "02-588-0017",
      "style": "한식",
      "main": "등심"
    },
    {
      "stname": "싱싱오동도산아나고꼼장어숯불구이",
      "address": "방배동 3001-2 방배디오슈페리움1",
      "tel": "02-532-9679",
      "style": "한식",
      "main": "아나고숯불구이"
    },
    {
      "stname": "김영희 강남동태찜 이수점",
      "address": "서울특별시 서초구 방배동 3001-2",
      "tel": "02-533-0890",
      "style": "한식",
      "main": "동태찜,해물찜"
    },
    {
      "stname": "토다이 반포점",
      "address": "서울특별시 서초구 반포4동 신반포로 162",
      "tel": "02-579-1985",
      "style": "뷔페식",
      "main": "뷔페"
    },
    {
      "stname": "수라빔",
      "address": "서울 서초구 신반포로 176 센트럴시티빌딩 2층",
      "tel": "02-6282-3355",
      "style": "한식",
      "main": "비빔밥,해물순두부"
    },
    {
      "stname": "하남돼지집 반포점",
      "address": "반포동 55 - 7 1층",
      "tel": "02-537-6282",
      "style": "한식",
      "main": "돼지고기"
    },
    {
      "stname": "무교동유정낙지반포점",
      "address": "반포동 57 - 3  ",
      "tel": "02-599-0088",
      "style": "한식",
      "main": "낙지볶음"
    },
    {
      "stname": "놀부보쌈과 부대찌개",
      "address": "반포동 58 - 7 2층(201~203) ",
      "tel": "02-535-4747",
      "style": "한식",
      "main": "보쌈 및 족발류"
    },
    {
      "stname": "쉐라톤서울팔래스강남호텔 다봉",
      "address": "반포동 63-1 2층 쉐라톤서울팔래스강남호텔 2층",
      "tel": "02-2186-6888",
      "style": "일식",
      "main": "회초밥"
    },
    {
      "stname": "h' Gstnamerstylen(에이치가든)",
      "address": "반포동 63 - 1 팔래스호텔 1층",
      "tel": "02-2186-6885",
      "style": "뷔페식",
      "main": "뷔페"
    },
    {
      "stname": "남도미락",
      "address": "반포동 65 - 1 외 2필지 101~106호,109~110호",
      "tel": "02-595-6060",
      "style": "한식",
      "main": "연포탕"
    },
    {
      "stname": "레드브릭(Rmainstyleaddressritelk)",
      "address": "반포동 72 - 8 1층 ",
      "tel": "02-591-7878",
      "style": "양식",
      "main": "피자"
    },
    {
      "stname": "서래말 면옥집",
      "address": "반포동 72 - 10 1층~2층",
      "tel": "02-596-3450",
      "style": "한식",
      "main": "함흥냉면"
    },
    {
      "stname": "하노이의아침",
      "address": "반포동 90 - 1 가나빌딩 5층 ",
      "tel": "02-599-5320",
      "style": "동남아식",
      "main": "베트남쌀국수"
    },
    {
      "stname": "화담",
      "address": "반포동 92 - 6 2층",
      "tel": "02-533-4443",
      "style": "일식",
      "main": "차돌박이숙주볶음"
    },
    {
      "stname": "서래본가",
      "address": "반포동 93 - 1 1층,2층,3층 ",
      "tel": "02-3477-9192",
      "style": "한식",
      "main": "갈비탕"
    },
    {
      "stname": "육갑식당",
      "address": "반포동 93-2",
      "tel": "02-533-9282",
      "style": "한식",
      "main": "와규 생등심"
    },
    {
      "stname": "전주행",
      "address": "반포동 95 - 5",
      "tel": "02-599-8119",
      "style": "한식",
      "main": "전주비빔밥"
    },
    {
      "stname": "포폴라리타",
      "address": "반포동 96 - 1  ",
      "tel": "02-593-2340",
      "style": "양식",
      "main": "스파게티"
    },
    {
      "stname": "서래횟집",
      "address": "반포동 104 - 2 1층",
      "tel": "02-532-1573",
      "style": "일식",
      "main": "회초밥"
    },
    {
      "stname": "황제",
      "address": "반포동 105 - 1 (지상2층) ",
      "tel": "02-536-8820",
      "style": "중식",
      "main": "중국요리"
    },
    {
      "stname": "㈜톰볼라",
      "address": "반포동 106 - 8 1층 101호",
      "tel": "02-593-4660",
      "style": "양식",
      "main": "스테이크"
    },
    {
      "stname": "미요",
      "address": "반포동 107 - 9 1층, 위너스빌",
      "tel": "02-599-1988",
      "style": "중식",
      "main": "북경오리"
    },
    {
      "stname": "한국회관",
      "address": "반포동 107 - 45 가동 1층,2층 ",
      "tel": "02-595-3355",
      "style": "한식",
      "main": "한우,탕"
    },
    {
      "stname": "올반 센트럴시티점",
      "address": "반포동 118 - 3번지 외 7필지 센트럴시티 파미에스테이션 1층 FP103호",
      "tel": "02-591-2213",
      "style": "한식",
      "main": "뷔페"
    },
    {
      "stname": "세빛섬 플로팅아일랜드",
      "address": "반포동 649 새빛둥둥섬 제1섬 3층",
      "tel": "02-537-2440",
      "style": "양식",
      "main": "피자,파스타"
    },
    {
      "stname": "어랑 생선밥상",
      "address": "반포동 736",
      "tel": "02-516-3690",
      "style": "한식",
      "main": "생선구이"
    },
    {
      "stname": "평가옥(반포점)",
      "address": "반포동 746 - 5 서일빌딩 1층 (103-107호) ",
      "tel": "02-517-1577",
      "style": "한식",
      "main": "냉면"
    },
    {
      "stname": "이춘복참치 신논현",
      "address": "반포동 748-12 지하1층, 지상1층",
      "tel": "02-542-4558",
      "style": "일식",
      "main": "회코스"
    },
    {
      "stname": "식도원",
      "address": "반포동 817 상가main블럭 32-1,33호 ",
      "tel": "02-599-3825",
      "style": "일식",
      "main": "정통일식"
    },
    {
      "stname": "맷돌로만",
      "address": "반포동 1053 - 5,6호, 1층",
      "tel": "02-535-1233",
      "style": "한식",
      "main": "순두부"
    },
    {
      "stname": "더가든 키친",
      "address": "잠원동 6 - 1호 더리버사이드호텔 1층(지하 1층) 1동 ",
      "tel": "02-6710-1133",
      "style": "뷔페식",
      "main": "뷔페"
    },
    {
      "stname": "영동설농탕",
      "address": "잠원동 10 - 53  ",
      "tel": "02-543-4716",
      "style": "한식",
      "main": "설렁탕"
    },
    {
      "stname": "노독일처",
      "address": "잠원동 15 - 10 라성빌딩 1층, 2층 ",
      "tel": "02-517-4552",
      "style": "중식",
      "main": "자장면"
    },
    {
      "stname": "본가",
      "address": "잠원동 17 - 1 2,3,4,5 ",
      "tel": "02-540-6331",
      "style": "한식",
      "main": "남도요리"
    },
    {
      "stname": "강남 따로국밥",
      "address": "잠원동 19 - 10 외2필지 (1동 2층) ",
      "tel": "02-543-2527",
      "style": "한식",
      "main": "국밥"
    },
    {
      "stname": "이모 전주콩나물 국밥",
      "address": "잠원동 21-1 2층",
      "tel": "02-547-7908",
      "style": "한식",
      "main": "콩나물국밥"
    },
    {
      "stname": "삼호복집",
      "address": "잠원동 22 - 17  ",
      "tel": "02-542-7296",
      "style": "한식",
      "main": "복매운탕"
    },
    {
      "stname": "마구로센",
      "address": "잠원동 22 - 5 지상1층 ",
      "tel": "02-517-5110",
      "style": "일식",
      "main": "회정식"
    },
    {
      "stname": "진대감",
      "address": "잠원동 23 - 8 수인빌딩 지상1층 ",
      "tel": "02-543-8858",
      "style": "한식",
      "main": "차돌삼합"
    },
    {
      "stname": "동천홍",
      "address": "잠원동 25 - 25 (1층) ",
      "tel": "02-549-5922",
      "style": "중식",
      "main": "짜장"
    },
    {
      "stname": "공리",
      "address": "잠원동 26 - 9 1층, 2층",
      "tel": "02-544-3239",
      "style": "중식",
      "main": "탕수육"
    },
    {
      "stname": "(주)프로간장게장",
      "address": "잠원동 27 - 1 (지상1층,2층)",
      "tel": "02-543-4126",
      "style": "한식",
      "main": "간장게장"
    },
    {
      "stname": "의정부 평양면옥",
      "address": "잠원동 29 - 23 1,2,3,4층 ",
      "tel": "02-547-6947",
      "style": "한식",
      "main": "냉면"
    },
    {
      "stname": "진동둔횟집",
      "address": "잠원동 36 - 18 지하1층,1층,2층 ",
      "tel": "02-543-3849",
      "style": "일식",
      "main": "대구탕"
    },
    {
      "stname": "봉평고향메밀촌 서울본점",
      "address": "잠원동 39 - 1  ",
      "tel": "02-511-7888",
      "style": "한식",
      "main": "막국수"
    },
    {
      "stname": "세븐스프링스(잠원점)",
      "address": "잠원동 65 - 32 1층 101호",
      "tel": "02-532-7079",
      "style": "뷔페식",
      "main": "뷔페"
    },
    {
      "stname": "JS가든(잠원점)",
      "address": "잠원동 66 - 2",
      "tel": "02-595-1221",
      "style": "중식",
      "main": "해삼전복볶음"
    },
    {
      "stname": "반포면옥",
      "address": "잠원동 70 , 5호 ",
      "tel": "02-591-4281",
      "style": "한식",
      "main": "냉면"
    },
    {
      "stname": "강원정삼계탕",
      "address": "서울특별시 용산구 원효로89길 13-10, 1층 (원효로1가)",
      "tel": "02- 719-9978",
      "style": "한식",
      "main": "삼계탕"
    },
    {
      "stname": "계경순대국숙대입구역점",
      "address": "서울특별시 용산구 한강대로 306, 1층 (갈월동)",
      "tel": "02-3789-7547",
      "style": "한식",
      "main": "순대국"
    },
    {
      "stname": "계절밥상용산아이파크몰점",
      "address": "서울특별시 용산구 한강대로23길 55, 7층 (한강로3가, 아이파크몰)",
      "tel": "02-2012-0700",
      "style": "뷔페식",
      "main": "뷔페"
    },
    {
      "stname": "고구려참숯구이",
      "address": "서울특별시 용산구 만리재로 192, 1층 (서계동)",
      "tel": "02- 392-0110",
      "style": "한식",
      "main": "참숯갈비"
    },
    {
      "stname": "고인돌",
      "address": "서울특별시 용산구 장문로 23, 지하2층 (이태원동, 캐피탈호텔)",
      "tel": "02- 797-9434",
      "style": "한식",
      "main": "갈비, 양구이"
    },
    {
      "stname": "광히카리",
      "address": "서울특별시 용산구 한강대로 54, 1,2층 (한강로3가)",
      "tel": "02- 749-6562",
      "style": "한식",
      "main": "육류,고기요리"
    },
    {
      "stname": "괸당네흑똥돼지",
      "address": "서울특별시 용산구 남영동 80-4",
      "tel": "02-795-4175",
      "style": "한식",
      "main": "흑돼지삼겹살"
    },
    {
      "stname": "금강산",
      "address": "서울특별시 용산구 독서당로 23, 1층 (한남동)",
      "tel": "02- 796-8881",
      "style": "한식",
      "main": "그린포그갈비"
    },
    {
      "stname": "기와",
      "address": "서울특별시 용산구 한강대로21나길 40, 1층 (한강로3가)",
      "tel": "02- 710-7777",
      "style": "한식",
      "main": "한정식, 갈비찜, 보리굴비"
    },
    {
      "stname": "길농원훈제바베큐",
      "address": "서울특별시 용산구 원효로 71, 1층 (원효로4가)",
      "tel": "02- 719-6668",
      "style": "한식",
      "main": "장작구이바베큐"
    },
    {
      "stname": "나주곰탕",
      "address": "서울특별시 용산구 한강대로 144, 1층 (한강로2가)",
      "tel": "02- 794-4171",
      "style": "한식",
      "main": "곰탕"
    },
    {
      "stname": "남산한식당",
      "address": "서울특별시 용산구 회나무로44길 40, 지하1층 (이태원동)",
      "tel": "02- 797-9835",
      "style": "한식",
      "main": "불고기"
    },
    {
      "stname": "남원식당",
      "address": "서울특별시 용산구 동자동 10-3",
      "tel": "02- 771-0202",
      "style": "한식",
      "main": "추어탕"
    },
    {
      "stname": "팔보",
      "address": "서울특별시 용산구 원효로 70, 2층 (원효로4가)",
      "tel": "02- 715-7079",
      "style": "중식",
      "main": "전가복, 굴짬뽕"
    },
    {
      "stname": "늘푸른가든",
      "address": "서울특별시 용산구 이태원로 227, 1,2층 (한남동)",
      "tel": "02- 792-2077",
      "style": "한식",
      "main": "한우생갈비, 양대창"
    },
    {
      "stname": "다채 동빙고점",
      "address": "서울특별시 용산구 녹사평대로 66, 상가동 지하3층 (동빙고동, 용산푸르지오파크타워)",
      "tel": "02- 792-9233",
      "style": "한식",
      "main": "쌈밥정식"
    },
    {
      "stname": "단비",
      "address": "서울특별시 용산구 한남대로20길 21-12, 1층 (한남동)",
      "tel": "02- 797-8375",
      "style": "한식",
      "main": "한정식, 도다리회"
    },
    {
      "stname": "담쟁이",
      "address": "서울특별시 용산구 한강대로76길 11-8, 1층 (남영동)",
      "tel": "02- 797-9288",
      "style": "한식",
      "main": "전복삼계탕"
    },
    {
      "stname": "대식가",
      "address": "서울특별시 용산구 한강대로15길 23, 2층 (한강로3가)",
      "tel": "02- 797-6009",
      "style": "일식",
      "main": "생선회, 곰치맑은탕, 속초물회"
    },
    {
      "stname": "대우정",
      "address": "서울특별시 용산구 후암로57길 7, 1,2층 (동자동)",
      "tel": "02- 752-9685",
      "style": "한식",
      "main": "소고기김치전골"
    },
    {
      "stname": "대한각",
      "address": "서울특별시 용산구 녹사평대로26길 21, 2층 (이태원동)",
      "tel": "02- 798-9990",
      "style": "중식",
      "main": "원족, 경장육슬, 짜장면"
    },
    {
      "stname": "댓잎갈비",
      "address": "서울특별시 용산구 서빙고로991길 2, 1,2층 (보광동)",
      "tel": "02- 796-3355",
      "style": "한식",
      "main": "댓잎갈비, 댓잎추어탕"
    },
    {
      "stname": "더플레이스다이닝",
      "address": "서울특별시 용산구 남산공원길 126, 광장 1,2층 (용산동2가, 서울타워)",
      "tel": "02-3455-9220",
      "style": "양식",
      "main": "이탈리아음식, 파스타"
    },
    {
      "stname": "더함",
      "address": "서울특별시 용산구 청파로47길 52, 2층 (청파동2가)",
      "tel": "02- 707-3692",
      "style": "한식",
      "main": "한정식, 한우육개장"
    },
    {
      "stname": "도마에",
      "address": "서울특별시 용산구 청파로45길 9, 1층 (청파동3가)",
      "tel": "02- 712-6688",
      "style": "일식",
      "main": "초밥, 스시"
    },
    {
      "stname": "돈까스잔치",
      "address": "서울특별시 용산구 서빙고동 94",
      "tel": "02 -796-9969",
      "style": "양식",
      "main": "돈까스, 잔치국수"
    },
    {
      "stname": "돌아가는삼각지",
      "address": "서울특별시 용산구 한강대로62길 26, 1층 (한강로1가)",
      "tel": "02- 790-9955",
      "style": "한식",
      "main": "버섯전골, 숯불등식"
    },
    {
      "stname": "동천홍",
      "address": "서울특별시 용산구 두텁바위로 69 (후암동)",
      "tel": "02- 779-7781",
      "style": "중식",
      "main": "중식코스"
    },
    {
      "stname": "두바이",
      "address": "서울특별시 용산구 이태원로 192, 2층 (이태원동)",
      "tel": "02-798-9277",
      "style": "양식",
      "main": "아랍음식, 양고기스테이크"
    },
    {
      "stname": "라쿠치나",
      "address": "서울특별시 용산구 회나무로44길 10 (이태원동)",
      "tel": "02- 794-6005",
      "style": "양식",
      "main": "이탈리아음식, 스테이크"
    },
    {
      "stname": "마구로센",
      "address": "서울특별시 용산구 대사관로31길 24, 1층 (한남동)",
      "tel": "02- 792-1110",
      "style": "일식",
      "main": "생참치"
    },
    {
      "stname": "마루한정식",
      "address": "서울특별시 용산구 백범로 341, 지하1층 (원효로1가)",
      "tel": "02- 702-7003",
      "style": "한식",
      "main": "한정식, 제주은갈치구이"
    },
    {
      "stname": "마산아구찜",
      "address": "서울특별시 용산구 이촌로58길 12 (이촌동)",
      "tel": "02- 795-8465",
      "style": "한식",
      "main": "아구찜, 해물찜"
    },
    {
      "stname": "마오",
      "address": "서울특별시 용산구 회나무로 57, 4층 (이태원동)",
      "tel": "02-793-8845",
      "style": "중식",
      "main": "베이징덕, 딤섬"
    },
    {
      "stname": "메시야",
      "address": "서울특별시 용산구 한강대로 358, 1층 (동자동)",
      "tel": "02- 318-5235",
      "style": "일식",
      "main": "김치돈까스"
    },
    {
      "stname": "모리모리",
      "address": "서울특별시 용산구 한강대로 281, 1층 (갈월동)",
      "tel": "02- 702-1441",
      "style": "일식",
      "main": "초밥, 돈까스"
    },
    {
      "stname": "미립",
      "address": "서울특별시 용산구 한강대로104길 38, 1층 (동자동)",
      "tel": "010-9495-3163",
      "style": "양식",
      "main": "양갈비, 온면"
    },
    {
      "stname": "미성중국관",
      "address": "서울특별시 용산구 한강대로84길 8, 1층 (남영동)",
      "tel": "02- 790-3034",
      "style": "중식",
      "main": "중식코스, 전복짬뽕"
    },
    {
      "stname": "바토스이태원점",
      "address": "서울특별시 용산구 이태원로15길 1, 2층 (이태원동)",
      "tel": "02- 797-8226",
      "style": "양식",
      "main": "멕시코음식, 타코"
    },
    {
      "stname": "밥샵",
      "address": "서울특별시 용산구 청파로 112, 15동 1층 12호 (한강로3가, 나진상가)",
      "tel": "02- 711-8933",
      "style": "한식",
      "main": "사골우거지탕"
    },
    {
      "stname": "방태산화로구이",
      "address": "서울특별시 용산구 이촌로18길 6, 1층 (이촌동)",
      "tel": "02- 718-8118",
      "style": "한식",
      "main": "오리구이, 생삼겹"
    },
    {
      "stname": "봉추찜닭",
      "address": "서울특별시 용산구 청파로45길 13, 1층 (청파동3가)",
      "tel": "02- 717-6981",
      "style": "한식",
      "main": "찜닭"
    },
    {
      "stname": "봉피양(용산)",
      "address": "서울특별시 용산구 한강대로40길 31, 1,2층 (한강로2가)",
      "tel": "02- 795-6446",
      "style": "한식",
      "main": "한우생등심, 한우떡갈비"
    },
    {
      "stname": "봉희설렁탕삼각지점",
      "address": "서울특별시 용산구 백범로99길 50, 1,2층 (한강로1가)",
      "tel": "02 -796 -7711",
      "style": "한식",
      "main": "설렁탕"
    },
    {
      "stname": "부다스밸리이태원점",
      "address": "서울특별시 용산구 녹사평대로40길 48, 1층 (이태원동)",
      "tel": "02- 796-9330",
      "style": "양식",
      "main": "태국음식, 쏨땀"
    },
    {
      "stname": "쏘왓",
      "address": "서울 용산구 녹사평대로40길 48 지하1층",
      "tel": "02- 749-0903",
      "style": "양식",
      "main": "태국음식, 쌀국수"
    },
    {
      "stname": "부산갈비",
      "address": "서울특별시 용산구 이태원로27가길 18, 1층 (이태원동)",
      "tel": "02-793-7641",
      "style": "한식",
      "main": "생갈비, 갈비탕, 간장게장"
    },
    {
      "stname": "블리스",
      "address": "서울특별시 용산구 이태원로 173-7 (이태원동)",
      "tel": "02- 798-1125",
      "style": "양식",
      "main": "이탈리아음식, 스테이크, 치킨디아블로"
    },
    {
      "stname": "사조참치",
      "address": "서울특별시 용산구 한강대로84길 5-3, 1층 (남영동)",
      "tel": "02- 796-3737",
      "style": "일식",
      "main": "참치회"
    },
    {
      "stname": "산찬미",
      "address": "서울특별시 용산구 한강대로 264, 1층 (남영동)",
      "tel": "02- 797-4443",
      "style": "중식",
      "main": "중국냉면, 새우볶음밥"
    },
    {
      "stname": "서계마을",
      "address": "서울특별시 용산구 효창원로 276 (서계동)",
      "tel": "02- 713-9007",
      "style": "한식",
      "main": "쌈밥정식"
    },
    {
      "stname": "서울역그릴",
      "address": "서울특별시 용산구 청파로 378, 3층 (동자동)",
      "tel": "02- 393-3303",
      "style": "양식",
      "main": "함박스테이크, 그릴정식"
    },
    {
      "stname": "서울회관",
      "address": "서울특별시 용산구 한강대로80길 11-49, 1층 (남영동)",
      "tel": "02- 790-6292",
      "style": "한식",
      "main": "통통오겹살, 갈비찜"
    },
    {
      "stname": "설악칡냉면",
      "address": "서울특별시 용산구 임정로 93, 1층 (효창동)",
      "tel": "02-3273-4886",
      "style": "한식",
      "main": "냉면, 순대국"
    },
    {
      "stname": "세우물 잔치",
      "address": "서울특별시 용산구 원효로 69-1, 1,2층 (원효로4가)",
      "tel": "02- 717-2978",
      "style": "한식",
      "main": "낙지전복삼계탕, 보쌈"
    },
    {
      "stname": "셰프테이너",
      "address": "서울특별시 용산구 이태원로27길 101, 지하1층 (한남동)",
      "tel": "02-794-9172",
      "style": "양식",
      "main": "파스타, 등심스테이크"
    },
    {
      "stname": "소도노리",
      "address": "서울특별시 용산구 원효로 128, 1층 (원효로3가)",
      "tel": "02- 701-3363",
      "style": "뷔페식",
      "main": "고기뷔페"
    },
    {
      "stname": "솔마루",
      "address": "서울특별시 용산구 효창원로62길 16, 1층 (효창동)",
      "tel": "02- 712-0708",
      "style": "한식",
      "main": "소고기모듬세트"
    },
    {
      "stname": "용산화로",
      "address": "서울특별시 용산구 한강대로76길 21-11, 1층 (남영동)",
      "tel": "02- 793-2968",
      "style": "한식",
      "main": "한정식, 간장게장, 대하장"
    },
    {
      "stname": "신라면옥원효점",
      "address": "서울특별시 용산구 원효로 69, 1층 (원효로4가)",
      "tel": "02- 719-1290",
      "style": "한식",
      "main": "매운갈비찜, 회냉면, 수육"
    },
    {
      "stname": "신의주부대찌개",
      "address": "서울특별시 용산구 한강대로62가길 20, 1층 (용산동3가)",
      "tel": "02- 794-1408",
      "style": "한식",
      "main": "부대찌개"
    },
    {
      "stname": "쏘왓",
      "address": "서울특별시 용산구 녹사평대로40길 48, 지하1층 (이태원동)",
      "tel": "02- 749-0903",
      "style": "양식",
      "main": "태국음식, 쏨땀, 이산소시지"
    },
    {
      "stname": "아그라",
      "address": "서울특별시 용산구 이태원로 153, 지하1층 (이태원동)",
      "tel": "02- 797-7262",
      "style": "양식",
      "main": "인도커리, 탄두리"
    },
    {
      "stname": "아이오유",
      "address": "서울특별시 용산구 원효로1길 16, 1,2층 (청암동)",
      "tel": "02-3275-1151",
      "style": "양식",
      "main": "파스타, 스테이크"
    },
    {
      "stname": "알트스위스샬레",
      "address": "서울특별시 용산구 이태원로27길 38, 2층 (이태원동)",
      "tel": "02- 797-9664",
      "style": "양식",
      "main": "스위스치즈퐁듀"
    },
    {
      "stname": "양귀비짬뽕",
      "address": "서울특별시 용산구 후암로 38, 1층 (후암동)",
      "tel": "02- 776-5200",
      "style": "중식",
      "main": "짬뽕"
    },
    {
      "stname": "엔그릴",
      "address": "서울특별시 용산구 남산공원길 126, 전망 5층 (용산동2가, 서울타워)",
      "tel": "02-3455-9297",
      "style": "양식",
      "main": "스테이크, 양갈비, 랍스타그라탕"
    },
    {
      "stname": "열해",
      "address": "서울특별시 용산구 이촌로 248, 21동 2층 (이촌동, 한강맨션)",
      "tel": "02-793 -1188",
      "style": "일식",
      "main": "모듬생선회, 새우튀김정식"
    },
    {
      "stname": "오메가3삼계탕",
      "address": "서울특별시 용산구 이촌로64길 61 (이촌동)",
      "tel": "02- 790-7555",
      "style": "한식",
      "main": "삼계탕, 삼계죽"
    },
    {
      "stname": "원할머니보쌈 남영점",
      "address": "서울특별시 용산구 한강대로 254, 1층 (남영동)",
      "tel": "050-7982-5203",
      "style": "한식",
      "main": "보쌈, 족발"
    },
    {
      "stname": "웨스턴차이나",
      "address": "서울특별시 용산구 독서당로 73 (한남동)",
      "tel": "02- 795-6751",
      "style": "중식",
      "main": "딤섬"
    },
    {
      "stname": "은성집",
      "address": "서울특별시 용산구 한강대로84길 11-16 (남영동)",
      "tel": "02- 797-2855",
      "style": "한식",
      "main": "등심구이"
    },
    {
      "stname": "이남장설렁탕전자랜드점",
      "address": "서울특별시 용산구 청파로 74, 7층 (한강로3가, 용산전자랜드)",
      "tel": "02- 701-0088",
      "style": "한식",
      "main": "설렁탕, 수육, 꽃등심"
    },
    {
      "stname": "이조설렁탕.함흥냉면",
      "address": "서울특별시 용산구 백범로99길 54, 1층 (한강로1가)",
      "tel": "02- 794-7069",
      "style": "한식",
      "main": "냉면, 설렁탕, 소고기버섯전골"
    },
    {
      "stname": "이촌동면옥",
      "address": "서울특별시 용산구 이촌로54길 17, 1,2층 (이촌동)",
      "tel": "02- 796-7775",
      "style": "한식",
      "main": "냉면, 갈비찜"
    },
    {
      "stname": "이태원천상본점",
      "address": "서울특별시 용산구 이태원로 227, 1층 (한남동)",
      "tel": "02- 749-2224",
      "style": "일식",
      "main": "일식정식, 로스돈까스"
    },
    {
      "stname": "일비노로소",
      "address": "서울특별시 용산구 두텁바위로60길 25, 1,2층 (후암동)",
      "tel": "02- 754-0011",
      "style": "양식",
      "main": "카프파쵸, 로스등심스테이크"
    },
    {
      "stname": "장사랑",
      "address": "서울특별시 용산구 이태원로 164-1, 1층 (이태원동)",
      "tel": "02- 790-4640",
      "style": "한식",
      "main": "곤드레밥"
    },
    {
      "stname": "장위동유성집",
      "address": "서울특별시 용산구 한강대로 385, 1층 (동자동)",
      "tel": "02- 796-9292",
      "style": "한식",
      "main": "한우등심, 멸치국수"
    },
    {
      "stname": "정감어린",
      "address": "서울특별시 용산구 후암로 4, 2,3,4층 (후암동)",
      "tel": "02- 754-4389",
      "style": "한식",
      "main": "꽃갈비, 양곱창전골, 코다리비빔냉면"
    },
    {
      "stname": "마구로참치",
      "address": "서울특별시 용산구 한강대로 271, 2층 (갈월동)",
      "tel": "02- 704-8006",
      "style": "일식",
      "main": "무한리필참치회, 초밥"
    },
    {
      "stname": "정원가든",
      "address": "서울특별시 용산구 대사관로31길 7, 1,2층 (한남동)",
      "tel": "02- 797-7082",
      "style": "한식",
      "main": "숯불돼지갈비, 한우등심"
    },
    {
      "stname": "주반야주무교동낙지",
      "address": "서울특별시 용산구 대사관로24길 22, 1층 (한남동)",
      "tel": "02-797-4944",
      "style": "한식",
      "main": "낙지요리"
    },
    {
      "stname": "중일회관",
      "address": "서울특별시 용산구 이태원로 197, 2층 (이태원동)",
      "tel": "02- 794-3392",
      "style": "한식",
      "main": "불고기, 양대창구이"
    },
    {
      "stname": "차돌집",
      "address": "서울특별시 용산구 녹사평대로40길 5, 1,2층 (이태원동)",
      "tel": "02- 790-0789",
      "style": "한식",
      "main": "차돌박이, 생등심, 주물럭"
    },
    {
      "stname": "차돌집(신관)",
      "address": "서울특별시 용산구 녹사평대로40길 25, 1,2층 (이태원동)",
      "tel": "02- 790-7090",
      "style": "한식",
      "main": "차돌박이, 생등심, 주물럭"
    },
    {
      "stname": "차이옌",
      "address": "서울특별시 용산구 이촌로88길 8, 1층 (이촌동)",
      "tel": "02- 792-0872",
      "style": "중식",
      "main": "중식코스, 빙화군만두"
    },
    {
      "stname": "청운숯불갈비",
      "address": "서울특별시 용산구 청파로 383-8, 1,2층 (서계동)",
      "tel": "02- 711-2625",
      "style": "한식",
      "main": "갈비탕, 돼지갈비"
    },
    {
      "stname": "초승달",
      "address": "서울특별시 용산구 회나무로26길 12, 1층 (이태원동)",
      "tel": "02- 749-6444",
      "style": "일식",
      "main": "초밥, 생연어롤"
    },
    {
      "stname": "케르반레스토랑",
      "address": "서울특별시 용산구 이태원로 190, 2층 (이태원동)",
      "tel": "02- 792-4767",
      "style": "양식",
      "main": "터키음식, 케밥"
    },
    {
      "stname": "턴라운지",
      "address": "서울특별시 용산구 소월로 62, 4층 (후암동)",
      "tel": "02-6404-1001",
      "style": "양식",
      "main": "돈까스, 초계국수"
    },
    {
      "stname": "티원",
      "address": "서울특별시 용산구 청파로 378, 3층 (동자동)",
      "tel": "02- 392-0987",
      "style": "중식",
      "main": "중식코스"
    },
    {
      "stname": "파올로데마리아",
      "address": "서울특별시 용산구 대사관로31길 13, address동 1,2층 (한남동)",
      "tel": "02- 599-9936",
      "style": "양식",
      "main": "화덕피자, 수제파스타"
    },
    {
      "stname": "풍년갈비",
      "address": "서울특별시 용산구 새창로 130, 1,2층 (원효로2가)",
      "tel": "02- 719-6530",
      "style": "한식",
      "main": "숯불돼지갈비, 갈비탕"
    },
    {
      "stname": "하노이의아침",
      "address": "서울특별시 용산구 후암로 107, 1층 (동자동)",
      "tel": "02 -727-5320",
      "style": "양식",
      "main": "베트남음식, 쌀국수"
    },
    {
      "stname": "한강집",
      "address": "서울특별시 용산구 백범로 400, 1층 (한강로1가)",
      "tel": "02- 716-7452",
      "style": "한식",
      "main": "생태매운탕, 마늘먹은목살"
    },
    {
      "stname": "한강회관",
      "address": "서울특별시 용산구 이촌로75길 10-3, 2층 (이촌동)",
      "tel": "02- 793-9855",
      "style": "한식",
      "main": "한우불고기, 꽃등심"
    },
    {
      "stname": "한남북엇국",
      "address": "서울특별시 용산구 독서당로 65-7 (한남동)",
      "tel": "02-2297-1988",
      "style": "한식",
      "main": "북엇국, 삼합"
    },
    {
      "stname": "한쿡",
      "address": "서울특별시 용산구 남산공원길 126, 전망 1층 (용산동2가, 서울타워)",
      "tel": "02-3455-9292",
      "style": "한식",
      "main": "한정식, 화로갈비구이"
    },
    {
      "stname": "할매보쌈애부대찌개",
      "address": "서울특별시 용산구 원효로41길 58, 1층 (원효로2가)",
      "tel": "02- 704-9236",
      "style": "한식",
      "main": "보쌈, 부대찌개"
    },
    {
      "stname": "함경면옥",
      "address": "서울특별시 용산구 서빙고로 9, 1,2,3층 (한강로3가)",
      "tel": "02-793-6938",
      "style": "한식",
      "main": "갈비탕, 왕갈비, 양대창"
    },
    {
      "stname": "해미루숙대점",
      "address": "서울특별시 용산구 한강대로 272-2, 1층 (남영동)",
      "tel": "02-797-7227",
      "style": "한식",
      "main": "만두전골, 칼국수"
    },
    {
      "stname": "홀리차우",
      "address": "서울특별시 용산구 이태원로 179 (이태원동, 해밀턴호텔)",
      "tel": "02- 793-0802",
      "style": "중식",
      "main": "아메리칸차이나타운요리, 쉬림프마요"
    },
    {
      "stname": "황해집",
      "address": "서울특별시 용산구 한강대로88길 11-5 (남영동)",
      "tel": "02-797-1717",
      "style": "한식",
      "main": "모듬구이, 부대찌개"
    },
    {
      "stname": "횡성한우목장",
      "address": "서울특별시 용산구 효창원로48길 6 (용문동)",
      "tel": "02- 716-8592",
      "style": "한식",
      "main": "소갈비"
    },
    {
      "stname": "(주)베이징코야",
      "address": "율곡로2길 29-1  지하1층 (수송동)",
      "tel": "02-313-5292",
      "style": "중식",
      "main": "북경오리"
    },
    {
      "stname": "(주)석파랑",
      "address": "자하문로 309  1층 (홍지동)",
      "tel": "02-395-2500",
      "style": "한식",
      "main": "궁중수라?"
    },
    {
      "stname": "가봉루",
      "address": "세종대로23길 3  2.3층 (세종로)",
      "tel": "02-736-8100",
      "style": "중식",
      "main": "삼선짬뽕"
    },
    {
      "stname": "감촌",
      "address": "종로 19  5층 511호 일부  512호 (종로1가)",
      "tel": "02-733-7035",
      "style": "한식",
      "main": "순두부찌개"
    },
    {
      "stname": "고기의 잔치",
      "address": "자하문로1길 49 (필운동)",
      "tel": "02-730-7826",
      "style": "한식",
      "main": "소고기"
    },
    {
      "stname": "고창선운사풍천장어금정",
      "address": "대학로2길 38 (종로5가)",
      "tel": "02-745-9589",
      "style": "한식",
      "main": "장어"
    },
    {
      "stname": "궁나라냉면.묵밥",
      "address": "지봉로12길 6  1층 (숭인동)",
      "tel": "02-744-4701",
      "style": "한식",
      "main": "묵밥,물냉면"
    },
    {
      "stname": "금해 복집",
      "address": "진흥로 461  1 2층 (구기동)",
      "tel": "02-395-5656",
      "style": "일식",
      "main": "활복지리"
    },
    {
      "stname": "김가네대청마루",
      "address": "인사동4길 17 (경운동)",
      "tel": "02-733-1338",
      "style": "한식",
      "main": "한우생등심"
    },
    {
      "stname": "나무향기",
      "address": "세종대로23길 47  1층 108호 (당주동)",
      "tel": "02-723-0019",
      "style": "한식",
      "main": "오리 장작구이"
    },
    {
      "stname": "나주곰탕",
      "address": "지봉로 26-1  1층 (숭인동)",
      "tel": "02-2236-7006",
      "style": "한식",
      "main": "나주곰탕"
    },
    {
      "stname": "남대문막내횟집",
      "address": "우정국로 4-1 (관철동)",
      "tel": "02-737-5115",
      "style": "일식",
      "main": "회"
    },
    {
      "stname": "눈나무집",
      "address": "삼청로 136-1  1 2 3층 (삼청동)",
      "tel": "02-739-6742",
      "style": "한식",
      "main": "떡갈비"
    },
    {
      "stname": "뉘조",
      "address": "인사동14길 27  1층 (관훈동)",
      "tel": "02-730-9301",
      "style": "한식",
      "main": "우슬초(런치)"
    },
    {
      "stname": "늘마중",
      "address": "인사동8길 16-1 (관훈동)",
      "tel": "02-730-2985",
      "style": "한식",
      "main": "점심특선 마중웰빙비빔밥"
    },
    {
      "stname": "다솔",
      "address": "종로5길 68  지하1층 (수송동)",
      "tel": "02-735-0288",
      "style": "한식",
      "main": "점심특선 다솔모듬샤브"
    },
    {
      "stname": "대규스시",
      "address": "동숭3길 1 (동숭동)",
      "tel": "010-5606-7892",
      "style": "일식",
      "main": "특상 stname"
    },
    {
      "stname": "대륙",
      "address": "종로 127-2 (종로3가 지하1층)",
      "tel": "02-766-8411",
      "style": "중식",
      "main": "짜장면"
    },
    {
      "stname": "대송",
      "address": "자하문로 34 (통의동)",
      "tel": "02-733-3413",
      "style": "한식",
      "main": "한정식"
    },
    {
      "stname": "대평갈비",
      "address": "평창문화로 83  지상2 3층 (평창동)",
      "tel": "02-395-5288",
      "style": "한식",
      "main": "한우 생등심"
    },
    {
      "stname": "더레스토랑",
      "address": "삼청로 54  1 2 3층 (소격동)",
      "tel": "02-735-8441",
      "style": "양식",
      "main": "코스요리"
    },
    {
      "stname": "동원참치",
      "address": "인사동7길 37  지하1층 (관훈동)",
      "tel": "02-734-4467",
      "style": "일식",
      "main": "참치연어세트"
    },
    {
      "stname": "된장예술과 술",
      "address": "대학로11길 9-2  1 2층 (명륜4가)",
      "tel": "02-745-4516",
      "style": "한식",
      "main": "된장정식"
    },
    {
      "stname": "두레유",
      "address": "평창30길 28 (평창동)",
      "tel": "02-3217-1090",
      "style": "한식",
      "main": "하늘코스"
    },
    {
      "stname": "들풀",
      "address": "대명1길 24 (명륜4가)",
      "tel": "02-745-9383",
      "style": "한식",
      "main": "들풀정식"
    },
    {
      "stname": "들풀 청운동점",
      "address": "자하문로 118 (청운동)",
      "tel": "02-720-4323",
      "style": "한식",
      "main": "들풀정식"
    },
    {
      "stname": "마산아구찜",
      "address": "자하문로 18-1  2층 (통의동)",
      "tel": "02-725-3123",
      "style": "한식",
      "main": "아구찜"
    },
    {
      "stname": "마실한우정육식당",
      "address": "종로 384 (숭인동)",
      "tel": "02-2232-0210",
      "style": "한식",
      "main": "한우"
    },
    {
      "stname": "만가",
      "address": "사직로 103-19 (필운동 (지상1층))",
      "tel": "02-720-5797",
      "style": "한식",
      "main": "장어정식"
    },
    {
      "stname": "명원숯불갈비",
      "address": "통일로12길 8 (행촌동)",
      "tel": "02-738-4744",
      "style": "한식",
      "main": "갈비살"
    },
    {
      "stname": "명작 신의주 찹쌀순대",
      "address": "사직로8길 4 (사직동 풍림스페이스본 202동 지상1층 104호)",
      "tel": "02-737-6464",
      "style": "한식",
      "main": "순대국밥"
    },
    {
      "stname": "무교동유림낙지",
      "address": "종로 24-8 (서린동)",
      "tel": "02-723-1741",
      "style": "한식",
      "main": "낙지볶음"
    },
    {
      "stname": "무교삼계탕",
      "address": "인사동7길 37 (관훈동)",
      "tel": "02-734-4635",
      "style": "한식",
      "main": "삼계탕"
    },
    {
      "stname": "박가네빈대떡",
      "address": "종로32길 7  2층 (종로5가)",
      "tel": "02-2267-0614",
      "style": "한식",
      "main": "빈대떡"
    },
    {
      "stname": "박가네빈대떡 2호점",
      "address": "동호로 403-16, 1~2층 (종로5가)",
      "tel": "02-2267-0614",
      "style": "한식",
      "main": "빈대떡"
    },
    {
      "stname": "박광일 참치 앤 스시",
      "address": "자하문로 26-1, 지상1~지상3층 (통의동)",
      "tel": "02-732-4114",
      "style": "일식",
      "main": "점심특선"
    },
    {
      "stname": "박보연 간장게장과삼겹살",
      "address": "종로5길 42-5 (청진동)",
      "tel": "02-725-9729",
      "style": "한식",
      "main": "간장게장"
    },
    {
      "stname": "배수사",
      "address": "익선동 81 1층",
      "tel": "010-4175-1453",
      "style": "일식",
      "main": "사시미"
    },
    {
      "stname": "삼청동수제비",
      "address": "삼청로 101-1 (삼청동)",
      "tel": "02-735-2965",
      "style": "한식",
      "main": "수제비"
    },
    {
      "stname": "병천순대 보쌈 족발",
      "address": "종로14길 23  1~4층 (관철동)",
      "tel": "02-735-0373",
      "style": "한식",
      "main": "순대국밥"
    },
    {
      "stname": "본고향맛집 동묘점",
      "address": "지봉로 16 (숭인동 1층)",
      "tel": "02-2234-3392",
      "style": "한식",
      "main": "한우 꽃등심"
    },
    {
      "stname": "봉평 막국수(인사동점)",
      "address": "율곡로 44-12  1층 (관훈동)",
      "tel": "02-725-1188",
      "style": "한식",
      "main": "비빔막국수"
    },
    {
      "stname": "부산초밥",
      "address": "돈화문로11길 41 (낙원동 2층)",
      "tel": "02-764-7733",
      "style": "일식",
      "main": "초밥"
    },
    {
      "stname": "북악정",
      "address": "평창동 114-12 북악정",
      "tel": "02-394-2340",
      "style": "한식",
      "main": "생갈비"
    },
    {
      "stname": "사동면옥",
      "address": "인사동8길 9 (관훈동)",
      "tel": "02-725-1211",
      "style": "한식",
      "main": "회냉면"
    },
    {
      "stname": "새마을식당 대학로점",
      "address": "대학로11길 3  2층 (명륜4가)",
      "tel": "02-3672-7004",
      "style": "한식",
      "main": "열탄불고기"
    },
    {
      "stname": "옛날민속집1호점",
      "address": "진흥로 469 (구기동)",
      "tel": "02-379-6100",
      "style": "한식",
      "main": "두부버섯전골"
    },
    {
      "stname": "석정",
      "address": "대학로12길 10 (동숭동)",
      "tel": "02-744-3970",
      "style": "일식",
      "main": ""
    },
    {
      "stname": "솔밭숯불갈비",
      "address": "삼일대로28길 5 (낙원동)",
      "tel": "02-765-3055",
      "style": "한식",
      "main": "돼지갈비"
    },
    {
      "stname": "송전일식",
      "address": "종로 14 (서린동)",
      "tel": "02-739-8282",
      "style": "일식",
      "main": "송전정식(점심stname)"
    },
    {
      "stname": "송화정",
      "address": "삼봉로 81  지하층 113 114호 (수송동)",
      "tel": "02-732-8252",
      "style": "한식",
      "main": "꽃등심"
    },
    {
      "stname": "스파게티가있는풍경",
      "address": "새문안로 103-1  2층 (신문로1가)",
      "tel": "02-738-7018",
      "style": "양식",
      "main": "스파데티 프리마베라"
    },
    {
      "stname": "신안촌 본점",
      "address": "사직로12길 8 (내자동  153 154-1 155-1 (1층))",
      "tel": "02-725-7744",
      "style": "한식",
      "main": "낙지꾸리정식 2인"
    },
    {
      "stname": "신안촌 경복궁점",
      "address": "경희궁2길 14-4  지층.1.2층 (내수동)",
      "tel": "02-738-9970",
      "style": "한식",
      "main": "낙지꾸리,매생이탕"
    },
    {
      "stname": "신정",
      "address": "인사동6길 12 (인사동)",
      "tel": "02-737-7199",
      "style": "한식",
      "main": ""
    },
    {
      "stname": "싱글벙글 복어(종로점)",
      "address": "돈화문로11길 30 (낙원동)",
      "tel": "02-743-0787",
      "style": "일식",
      "main": "복지리/매운탕"
    },
    {
      "stname": "쌈마니 대학로점",
      "address": "대학로 130 (동숭동)",
      "tel": "02-747-3033",
      "style": "양식,동남아식",
      "main": "월남쌈"
    },
    {
      "stname": "아로이 타이레스토랑",
      "address": "사직로8길 42 (내수동)",
      "tel": "02-2195-4127",
      "style": "양식,동남아식",
      "main": "꿰이띠오남"
    },
    {
      "stname": "안동국시",
      "address": "종로구 서린동 136",
      "tel": "02-732-6493",
      "style": "한식",
      "main": "국수"
    },
    {
      "stname": "양반댁",
      "address": "인사동길 19-18  1층 (인사동)",
      "tel": "02-733-5507",
      "style": "한식",
      "main": "간장게장정식"
    },
    {
      "stname": "양평추어탕",
      "address": "자하문로10길 10-17 (통의동)",
      "tel": "02-732-5507",
      "style": "한식",
      "main": "추어탕"
    },
    {
      "stname": "에코랑 속초면옥",
      "address": "사직로8길 42  116~118호 (내수동  광화문시대)",
      "tel": "02-2195-4646",
      "style": "한식",
      "main": "냉면"
    },
    {
      "stname": "에코밥상",
      "address": "사직로 127-14 (적선동)",
      "tel": "02-736-9136",
      "style": "한식",
      "main": "우리콩 된장찌개"
    },
    {
      "stname": "영산강정육식당",
      "address": "창신길 3 (창신동)",
      "tel": "02-763-9340",
      "style": "한식",
      "main": "소한마리"
    },
    {
      "stname": "오두막",
      "address": "새문안로7길 16  1층 (당주동)",
      "tel": "02-734-3371",
      "style": "한식",
      "main": "두부전골"
    },
    {
      "stname": "옥정",
      "address": "인사동12길 18  1층 (관훈동)",
      "tel": "02-733-5412",
      "style": "한식",
      "main": "정식"
    },
    {
      "stname": "올리바 가든",
      "address": "자하문로 16 (통의동)",
      "tel": "02-733-3056",
      "style": "양식",
      "main": "올리바가든 런치 코스"
    },
    {
      "stname": "왕비집 종로점",
      "address": "삼일대로15길 24 (관철동 지상2층~4층)",
      "tel": "02-720-3066",
      "style": "한식",
      "main": "양념왕갈비"
    },
    {
      "stname": "용금옥",
      "address": "자하문로 41-2 (통인동)",
      "tel": "02-777-4749",
      "style": "한식",
      "main": "서울추어탕"
    },
    {
      "stname": "은행나무집",
      "address": "수표로 89-12 (관수동)",
      "tel": "02-2265-6649",
      "style": "한식",
      "main": "한우 스페셜 등심"
    },
    {
      "stname": "의정부부대찌개 & 돈까스",
      "address": "우정국로 45-7 (견지동 (지상2층))",
      "tel": "02-734-5552",
      "style": "한식",
      "main": "부대찌개"
    },
    {
      "stname": "이문 설렁탕",
      "address": "우정국로 38-13 (견지동 지상1층)",
      "tel": "02-733-6526",
      "style": "한식",
      "main": "설렁탕"
    },
    {
      "stname": "이천영양돌솥밥",
      "address": "평창11길 12  지하1층 (평창동)",
      "tel": "02-379-5677",
      "style": "한식",
      "main": "이천영양돌솥밥"
    },
    {
      "stname": "인사동두부마을",
      "address": "인사동길 30-12 (관훈동)",
      "tel": "02-735-9996",
      "style": "한식",
      "main": "순두부정식"
    },
    {
      "stname": "인사동쭈꾸미",
      "address": "인사동길 15-14 (인사동)",
      "tel": "02-720-0608",
      "style": "한식",
      "main": "쭈꾸미불고기"
    },
    {
      "stname": "일산칼국수",
      "address": "삼일대로15길 6  1층 (관철동)",
      "tel": "02-733-3131",
      "style": "한식",
      "main": "닭칼국수"
    },
    {
      "stname": "일식 오수사",
      "address": "사직로 130 (적선동 적선현대 지하1층 6호)",
      "tel": "02-722-0415",
      "style": "일식",
      "main": "알탕/내장탕"
    },
    {
      "stname": "일품당",
      "address": "세종대로23길 25  1 2층 (당주동)",
      "tel": "02-733-4949",
      "style": "한식",
      "main": "일품샤브샤브,일품스끼야끼"
    },
    {
      "stname": "전주골",
      "address": "돈화문로5가길 15 (돈의동)",
      "tel": "02-765-2582",
      "style": "한식",
      "main": "소갈비"
    },
    {
      "stname": "정선곤드레쌈밥",
      "address": "평창문화로 152, 101,102,103호 (평창동, 평창동 안성타워)",
      "tel": "02-396-6906",
      "style": "한식",
      "main": "정선 곤드레 쌈밥정식"
    },
    {
      "stname": "조마루(신설동점)",
      "address": "난계로29길 37 (숭인동)",
      "tel": "02-2238-4104",
      "style": "한식",
      "main": "감자탕"
    },
    {
      "stname": "종로전집",
      "address": "돈화문로11다길 3 (돈의동)",
      "tel": "02-2234-8877",
      "style": "한식",
      "main": "모듬전"
    },
    {
      "stname": "종로진낙지",
      "address": "수표로 122, 1,2층 (낙원동)",
      "tel": "02-742-0621",
      "style": "한식",
      "main": "산낙지철판볶음"
    },
    {
      "stname": "지리산",
      "address": "인사동14길 30  1 2층 (관훈동)",
      "tel": "02-723-4696",
      "style": "한식",
      "main": "삼신봉정식"
    },
    {
      "stname": "고기명가",
      "address": "사직로 103-4 (내자동)",
      "tel": "02-730-5611",
      "style": "한식",
      "main": "생등심"
    },
    {
      "stname": "착한활어장터",
      "address": "수표로 96 (관수동 지하1층)",
      "tel": "02-2264-0888",
      "style": "일식",
      "main": "활어회정식"
    },
    {
      "stname": "채선당 동묘역점",
      "address": "종로 347  지하1층 113~138호 (숭인동  롯데캐슬상가)",
      "tel": "02-742-2990",
      "style": "한식",
      "main": "소고기샤브"
    },
    {
      "stname": "처마끝 하늘풍경",
      "address": "인사동14길 24-2  1층 (관훈동)",
      "tel": "02-734-3337",
      "style": "한식",
      "main": "전복솥밥정식"
    },
    {
      "stname": "청계면관",
      "address": "청계천로 63 (관철동 (지상 2층 3층))",
      "tel": "02-779-0709",
      "style": "중식",
      "main": "자장면"
    },
    {
      "stname": "청진옥",
      "address": "종로3길 32  1~4층 (청진동)",
      "tel": "02-737-1690",
      "style": "한식",
      "main": "해장국(보통)"
    },
    {
      "stname": "태진복집",
      "address": "자하문로10길 10-24  지상1 2층 (통의동)",
      "tel": "02-733-3730",
      "style": "일식",
      "main": "복지리"
    },
    {
      "stname": "토속촌 삼계탕",
      "address": "자하문로5길 5  지상1층 (체부동  (체부동 86-1 2 3))",
      "tel": "02-737-7444",
      "style": "한식",
      "main": "삼계탕"
    },
    {
      "stname": "페르시아궁전",
      "address": "성균관로6길 9 (명륜2가)",
      "tel": "02-763-6050",
      "style": "양식",
      "main": "통닭카레정식"
    },
    {
      "stname": "평가옥 광화문점",
      "address": "새문안로5가길 7  1 2층 (내수동)",
      "tel": "02-732-1566",
      "style": "한식",
      "main": "어복쟁반 소"
    },
    {
      "stname": "평창동 북악정",
      "address": "평창36길 6  지하 지상1 2층 (평창동)",
      "tel": "02-394-2340",
      "style": "한식",
      "main": "생갈비"
    },
    {
      "stname": "손가네민물장어",
      "address": "종로51가길 2-1  1층 (창신동)",
      "tel": "02-3673-0510",
      "style": "한식",
      "main": "장어구이"
    },
    {
      "stname": "하나로회관",
      "address": "인사동5길 25 (인사동)",
      "tel": "02-732-7451",
      "style": "한식",
      "main": "하나로정식"
    },
    {
      "stname": "하누소 인사점",
      "address": "낙원동 272 로담코 인사빌딩",
      "tel": "02-739-9990",
      "style": "한식",
      "main": "한우 갈비탕"
    },
    {
      "stname": "한라의 집",
      "address": "새문안로9길 29-1 (당주동)",
      "tel": "02-737-7484",
      "style": "일식",
      "main": "회덮밥"
    },
    {
      "stname": "한옥",
      "address": "통일로14길 24 (무악동 1층)",
      "tel": "02-730-1088",
      "style": "한식",
      "main": "갈비탕"
    },
    {
      "stname": "한일장",
      "address": "수표로 94 (관수동  지하1층~지상1층)",
      "tel": "02-2265-7707",
      "style": "한식",
      "main": "한우등심"
    },
    {
      "stname": "원조할머니두부집",
      "address": "진흥로 439 (구기동)",
      "tel": "02-379-6276",
      "style": "한식",
      "main": "두부찌개"
    },
    {
      "stname": "함흥곰보냉면",
      "address": "인의동 112-14 세운스퀘어",
      "tel": "02-2267-6922",
      "style": "한식",
      "main": "물냉면"
    },
    {
      "stname": "연타발 종로점",
      "address": "삼일대로15길 19 (관철동 (지하1층 지상1.2층))",
      "tel": "02-720-9263",
      "style": "한식",
      "main": "한우대창구이"
    },
    {
      "stname": "향가",
      "address": "계동길 19-6 (재동)",
      "tel": "02-747-3368",
      "style": "한식",
      "main": "기본정식"
    },
    {
      "stname": "향나무세구루",
      "address": "삼청로 100 (삼청동)",
      "tel": "02-720-9524",
      "style": "한식",
      "main": "시골 청국장"
    },
    {
      "stname": "허서방 쭈꾸미",
      "address": "종로 332 (창신동)",
      "tel": "02-764-7706",
      "style": "한식",
      "main": "불쭈꾸미 정식"
    },
    {
      "stname": "화동옥",
      "address": "창덕궁1길 40 (계동)",
      "tel": "02-762-5426",
      "style": "한식",
      "main": "설렁탕"
    },
    {
      "stname": "황칠가 재미애가",
      "address": "자하문로 10 (통의동)",
      "tel": "02-722-1117",
      "style": "한식",
      "main": "한돈삼겹살"
    },
    {
      "stname": "황학정",
      "address": "자하문로1길 56 (필운동)",
      "tel": "02-723-6793",
      "style": "한식",
      "main": "영양돌솥황태구이정식"
    },
    {
      "stname": "훌리오 종로점",
      "address": "청계천로 73  3층 (관철동)",
      "tel": "02-730-5324",
      "style": "양식",
      "main": "타코"
    }
   ]