<?xml version="1.0" encoding="UTF-8"?>
<!DOCTYPE mapper
  PUBLIC "-//mybatis.org//DTD Mapper 3.0//EN"
  "https://mybatis.org/dtd/mybatis-3-mapper.dtd">
<mapper namespace="com.company.mapper.BoardMapper">
  
  <!-- 게시글 목록 조회 -->
  <select id="getList" resultType="com.company.domain.BoardVO">
    <![CDATA[
      SELECT * 
      FROM tbl_board 
      WHERE bno > 0 
      ORDER BY bno DESC
    ]]>
  </select>
  
  <!-- 게시글 삽입 -->
  <insert id="insertSelectKey" useGeneratedKeys="true" keyProperty="bno">
    <![CDATA[
      INSERT INTO tbl_board (title, content, writer)
      VALUES (#{title}, #{content}, #{writer})
    ]]>
  </insert>
  
  <!-- 게시글 읽기 -->
  <select id="read" resultType="com.company.domain.BoardVO">
    <![CDATA[
      SELECT * 
      FROM tbl_board 
      WHERE bno = #{bno}
    ]]>
  </select>
  
  <!-- 게시글 삭제 -->
  <delete id="delete">
    <![CDATA[
      DELETE FROM tbl_board 
      WHERE bno = #{bno}
    ]]>
  </delete>
  
  <!-- 게시글 수정 -->
  <update id="update">
    <![CDATA[
      UPDATE tbl_board
      SET title = #{title},
          content = #{content},
          writer = #{writer},
          updatedate = NOW()
      WHERE bno = #{bno}
    ]]>
  </update>
  
 <!-- 검색 조건 -->
<sql id="criterial">
  <trim prefix="WHERE" suffix="">
    <choose>
      <!-- 제목 조건 -->
      <when test="'T'.equals(type) and keyword != null and keyword != ''">
        title LIKE CONCAT('%', #{keyword}, '%')
      </when>
      <!-- 내용 조건 -->
      <when test="'C'.equals(type) and keyword != null and keyword != ''">
        content LIKE CONCAT('%', #{keyword}, '%')
      </when>
      <!-- 작성자 조건 -->
      <when test="'W'.equals(type) and keyword != null and keyword != ''">
        writer LIKE CONCAT('%', #{keyword}, '%')
      </when>
      <!-- 제목 or 내용 조건 -->
      <when test="'TC'.equals(type) and keyword != null and keyword != ''">
        (title LIKE CONCAT('%', #{keyword}, '%') OR content LIKE CONCAT('%', #{keyword}, '%'))
      </when>
      <!-- 제목 or 작성자 조건 -->
      <when test="'TW'.equals(type) and keyword != null and keyword != ''">
        (title LIKE CONCAT('%', #{keyword}, '%') OR writer LIKE CONCAT('%', #{keyword}, '%'))
      </when>
      <!-- 제목 or 내용 or 작성자 조건 -->
      <when test="'TWC'.equals(type) and keyword != null and keyword != ''">
        (title LIKE CONCAT('%', #{keyword}, '%') OR content LIKE CONCAT('%', #{keyword}, '%') OR writer LIKE CONCAT('%', #{keyword}, '%'))
      </when>
      <!-- keyword가 있을 때 기본 조건 -->
      <otherwise>
        <if test="keyword != null and keyword != ''">
          (title LIKE CONCAT('%', #{keyword}, '%') OR content LIKE CONCAT('%', #{keyword}, '%') OR writer LIKE CONCAT('%', #{keyword}, '%'))
        </if>
      </otherwise>
    </choose>
  </trim>
</sql>
  
  <!-- 페이징 처리된 게시글 목록 -->
  <select id="getListWithPaging" resultType="com.company.domain.BoardVO">
    <![CDATA[
      SELECT bno, title, content, writer, regdate, updatedate
      FROM tbl_board
    ]]>
    <include refid="criterial"/>
    <![CDATA[
      ORDER BY bno DESC
      LIMIT #{limit} OFFSET #{offset}
    ]]>
  </select>
  
  <!-- 총 게시글 수 -->
  <select id="getTotalCount" resultType="int">
    <![CDATA[
      SELECT COUNT(*) 
      FROM tbl_board 
    ]]>
    <include refid="criterial"/>
  </select>
</mapper>
