<?xml version="1.0" encoding="UTF-8"?>
<!DOCTYPE mapper
  PUBLIC "-//mybatis.org//DTD Mapper 3.0//EN"
  "http://mybatis.org/dtd/mybatis-3-mapper.dtd">
<mapper namespace="com.company.mapper.ReplyMapper">
  
  <!-- 댓글 삽입 -->
  <insert id="insert" useGeneratedKeys="true" keyProperty="rno">
    INSERT INTO tbl_reply (bno, reply, replyer)
    VALUES (#{bno}, #{reply}, #{replyer});
  </insert>
  
  <!-- 댓글 조회 -->
  <select id="read" resultType="com.company.domain.ReplyVO">
    SELECT * FROM tbl_reply WHERE rno = #{rno};
  </select>
  
  <!-- 댓글 삭제 -->
  <delete id="delete">
    DELETE FROM tbl_reply WHERE rno = #{rno};
  </delete>
  
  <!-- 댓글 수정 -->
  <update id="update">
    UPDATE tbl_reply
    SET reply = #{reply}, updatedate = NOW()
    WHERE rno = #{rno};
  </update>
  
  <!-- 페이징을 포함한 댓글 목록 조회 -->
  <select id="getListWithPaging" resultType="com.company.domain.ReplyVO">
    SELECT rno, bno, reply, replyer, replydate, updatedate
    FROM tbl_reply
    WHERE bno = #{bno}
    ORDER BY rno ASC
    LIMIT #{cri.offset}, #{cri.amount};
  </select>
  
  <!-- 특정 게시물의 댓글 수 조회 -->
  <select id="getCountByBno" resultType="int">
    SELECT COUNT(rno) FROM tbl_reply WHERE bno = #{bno};
  </select>
  
</mapper>
